Workbook

Sheet 연금시뮬레이션(260607)
A1: 종합 연금 수령 시뮬레이션 (만 59세 개시, 아파트 보유)
A3: ■ 기본 정보
A4: 항목 | B4: 값 | C4: 비고
A5: 생년월일 | B5: 1973년생 | C5: 2026년 만 53세
A6: 경제활동 | B6: 58세까지
A7: 연금 개시 나이 | B7: 만 59세 | C7: 2032년 시작
A8: 연금운용 연수익율 | B8: 0.075
A9: 연금 인출율 | B9: 0.075
A10: ISA 수익률 | B10: 0.09
A11: ISA 배당률 | B11: 0.07
A12: 예상 인플레이션 | B12: 0.025 | C12: 연평균 실질 물가상승률
B13: 100000000 | C13: =B13*4% -> 4000000
A15: ■ 주거 조건
A16: 항목 | B16: 금액 | C16: 비고
A17: 아파트 공시가격 | B17: 460000000 | C17: 6억원(6.5억원)
A18: 주택담보대출 | B18: 200000000 | C18: 2억원
A19: 대출 이자율 | B19: 0.04 | C19: 연 4%
A20: 연간 대출이자 | B20: =B18*B19 -> 8000000 | C20: 30년 상환 가정 | D20: =B20/12 -> 666666.67 | E20: 12000000 | F20: =E20/12 -> 1000000
A21: 건보료 산정 재산 | B21: =B17-B18 -> 260000000 | C21: 부채 차감 후
I22: 일 | J22: 월 | K22: 기간
H23: 실업급여 26기준 | I23: 68100 | J23: 2043000 | K23: 270 | L23: =I23*K23 -> 18387000
A24: ■ 자산 원금 및 운용 방식 (만 59세 개시일 기준)
A25: 자산 구분 | B25: 원금 | C25: 연 수익률 | D25: 연 인출률 | E25: 비고
A26: 변액유니버셜보험 | B26: =H87 -> 1.3621785e+08 | C26: =B8 -> 0.075 | D26: 0.075 | E26: 비과세
A27: 연금저축+IRP | B27: =I87 -> 1.6667919e+08 | C27: =B8 -> 0.075 | D27: 0.075 | E27: 연금소득세
A28: 퇴직연금 | B28: =J87 -> 1.7308452e+08 | C28: =B8 -> 0.075 | D28: 0.075 | E28: 연금소득세
A29: 사적연금 합계 | B29: =SUM(B26:B28) -> 4.7598156e+08 | E29: 3억원
A31: ISA (본인) | B31: =L87/2 -> 71113977 | C31: 0.09 | D31: 0.07
A32: ISA (배우자) | B32: =B31 -> 71113977 | C32: 0.09 | D32: 0.07
A33: ISA 합계 | B33: =SUM(B31:B32) -> 1.4222795e+08 | E33: ISA는 배당 아닌 커버드콜로 세금 절세
A35: ■ 국민연금 정보
A36: 수령 시기 | B36: 개시 나이 | C36: 월 수령액 | D36: 연 수령액 | E36: 조정률
A37: 조기수령 | B37: 59 | C37: 1140000 | D37: =C37*12 -> 13680000 | E37: 0.76
A38: 수령 | B38: 63 | C38: =1700000*100% -> 1700000 | D38: =C38*12 -> 20400000 | E38: 1 | F38: 62세까지 납입
A39: 윤숙 | C39: 400000 | D39: =C39*12 -> 4800000 | E39: =(D38+D39)*(1+33%) -> 33516000
A40: KR 수익 | B40: 0.14 | C40: Alternative | D40: 0.09 | E40: 아이들 | F40: 0.18 | O40: 1850000
A41: Global수익 | B41: 0.12 | C41: Pension | D41: 0.07 | O41: =O40*94% -> 1739000
J42: 내 계좌에서 | L42: 20000000 | O42: =O41*88% -> 1530320
A43: ■ 시나리오 1: 59세 조기 국민연금 - 연도별 상세
A44: 연차 | B44: 나이 | C44: 투자 총액 | E44: KRQT | H44: 변액보험잔액 | I44: 연금저축잔액 | J44: 퇴직연금잔액 | M44: 사적연금수령 | N44: ISA배당 | O44: 국민연금 | P44: 총수령액(명목) | S44: 총수령액(실질) | U44: 구매력지수 | V44: 누적실질총액
A45: -6 | B45: 52
A46: -5 | B46: 53
A47: -4 | B47: 54
A48: -3 | B48: 55
A49: -2 | B49: 56
A50: -1 | B50: 57
A51: 0 | B51: 58
A52: 1 | B52: 59 | H52: 100000000 | I52: 100000000 | J52: 100000000 | M52: =(H52+I52+J52)*0.04 -> 12000000 | N52: =#REF!*0.04 -> #REF! | O52: =$D$37 -> 13680000 | P52: =M52+N52+O52 -> #REF! | S52: =P52/POWER(1+$B$12,0) -> #REF! | U52: =S52/$S$52*100 -> #REF! | V52: =S52 -> #REF!
A53: 2 | B53: 60 | H53: =H52*(1+0.07)-H52*0.04 -> 103000000 | I53: =I52*(1+0.07)-I52*0.04 -> 103000000 | J53: =J52*(1+0.07)-J52*0.04 -> 103000000 | M53: =(H52+I52+J52)*0.04 -> 12000000 | N53: =#REF!*0.04 -> #REF! | O53: =$D$37 -> 13680000 | P53: =M53+N53+O53 -> #REF! | S53: =P53/POWER(1+$B$12,1) -> #REF! | U53: =S53/$S$52*100 -> #REF! | V53: =V52+S53 -> #REF!
A54: 3 | B54: 61 | H54: =H53*(1+0.07)-H53*0.04 -> 106090000 | I54: =I53*(1+0.07)-I53*0.04 -> 106090000 | J54: =J53*(1+0.07)-J53*0.04 -> 106090000 | M54: =(H53+I53+J53)*0.04 -> 12360000 | N54: =#REF!*0.04 -> #REF! | O54: =$D$37 -> 13680000 | P54: =M54+N54+O54 -> #REF! | S54: =P54/POWER(1+$B$12,2) -> #REF! | U54: =S54/$S$52*100 -> #REF! | V54: =V53+S54 -> #REF!
A55: 4 | B55: 62 | H55: =H54*(1+0.07)-H54*0.04 -> 109272700 | I55: =I54*(1+0.07)-I54*0.04 -> 109272700 | J55: =J54*(1+0.07)-J54*0.04 -> 109272700 | M55: =(H54+I54+J54)*0.04 -> 12730800 | N55: =#REF!*0.04 -> #REF! | O55: =$D$37 -> 13680000 | P55: =M55+N55+O55 -> #REF! | S55: =P55/POWER(1+$B$12,3) -> #REF! | U55: =S55/$S$52*100 -> #REF! | V55: =V54+S55 -> #REF!
A56: 5 | B56: 63 | H56: =H55*(1+0.07)-H55*0.04 -> 112550881 | I56: =I55*(1+0.07)-I55*0.04 -> 112550881 | J56: =J55*(1+0.07)-J55*0.04 -> 112550881 | M56: =(H55+I55+J55)*0.04 -> 13112724 | N56: =#REF!*0.04 -> #REF! | O56: =$D$37 -> 13680000 | P56: =M56+N56+O56 -> #REF! | S56: =P56/POWER(1+$B$12,4) -> #REF! | U56: =S56/$S$52*100 -> #REF! | V56: =V55+S56 -> #REF!
A57: 6 | B57: 64 | H57: =H56*(1+0.07)-H56*0.04 -> 1.1592741e+08 | I57: =I56*(1+0.07)-I56*0.04 -> 1.1592741e+08 | J57: =J56*(1+0.07)-J56*0.04 -> 1.1592741e+08 | M57: =(H56+I56+J56)*0.04 -> 13506106 | N57: =#REF!*0.04 -> #REF! | O57: =$D$37 -> 13680000 | P57: =M57+N57+O57 -> #REF! | S57: =P57/POWER(1+$B$12,5) -> #REF! | U57: =S57/$S$52*100 -> #REF! | V57: =V56+S57 -> #REF!
A58: 7 | B58: 65 | H58: =H57*(1+0.07)-H57*0.04 -> 1.1940523e+08 | I58: =I57*(1+0.07)-I57*0.04 -> 1.1940523e+08 | J58: =J57*(1+0.07)-J57*0.04 -> 1.1940523e+08 | M58: =(H57+I57+J57)*0.04 -> 13911289 | N58: =#REF!*0.04 -> #REF! | O58: =$D$37 -> 13680000 | P58: =M58+N58+O58 -> #REF! | S58: =P58/POWER(1+$B$12,6) -> #REF! | U58: =S58/$S$52*100 -> #REF! | V58: =V57+S58 -> #REF!
A59: 8 | B59: 66 | H59: =H58*(1+0.07)-H58*0.04 -> 1.2298739e+08 | I59: =I58*(1+0.07)-I58*0.04 -> 1.2298739e+08 | J59: =J58*(1+0.07)-J58*0.04 -> 1.2298739e+08 | M59: =(H58+I58+J58)*0.04 -> 14328628 | N59: =#REF!*0.04 -> #REF! | O59: =$D$37 -> 13680000 | P59: =M59+N59+O59 -> #REF! | S59: =P59/POWER(1+$B$12,7) -> #REF! | U59: =S59/$S$52*100 -> #REF! | V59: =V58+S59 -> #REF!
A60: 9 | B60: 67 | H60: =H59*(1+0.07)-H59*0.04 -> 1.2667701e+08 | I60: =I59*(1+0.07)-I59*0.04 -> 1.2667701e+08 | J60: =J59*(1+0.07)-J59*0.04 -> 1.2667701e+08 | M60: =(H59+I59+J59)*0.04 -> 14758486 | N60: =#REF!*0.04 -> #REF! | O60: =$D$37 -> 13680000 | P60: =M60+N60+O60 -> #REF! | S60: =P60/POWER(1+$B$12,8) -> #REF! | U60: =S60/$S$52*100 -> #REF! | V60: =V59+S60 -> #REF!
A61: 10 | B61: 68 | H61: =H60*(1+0.07)-H60*0.04 -> 1.3047732e+08 | I61: =I60*(1+0.07)-I60*0.04 -> 1.3047732e+08 | J61: =J60*(1+0.07)-J60*0.04 -> 1.3047732e+08 | M61: =(H60+I60+J60)*0.04 -> 15201241 | N61: =#REF!*0.04 -> #REF! | O61: =$D$37 -> 13680000 | P61: =M61+N61+O61 -> #REF! | S61: =P61/POWER(1+$B$12,9) -> #REF! | U61: =S61/$S$52*100 -> #REF! | V61: =V60+S61 -> #REF!
A62: 11 | B62: 69 | H62: =H61*(1+0.07)-H61*0.04 -> 1.3439164e+08 | I62: =I61*(1+0.07)-I61*0.04 -> 1.3439164e+08 | J62: =J61*(1+0.07)-J61*0.04 -> 1.3439164e+08 | M62: =(H61+I61+J61)*0.04 -> 15657278 | N62: =#REF!*0.04 -> #REF! | O62: =$D$37 -> 13680000 | P62: =M62+N62+O62 -> #REF! | S62: =P62/POWER(1+$B$12,10) -> #REF! | U62: =S62/$S$52*100 -> #REF! | V62: =V61+S62 -> #REF!
A63: 12 | B63: 70 | H63: =H62*(1+0.07)-H62*0.04 -> 1.3842339e+08 | I63: =I62*(1+0.07)-I62*0.04 -> 1.3842339e+08 | J63: =J62*(1+0.07)-J62*0.04 -> 1.3842339e+08 | M63: =(H62+I62+J62)*0.04 -> 16126997 | N63: =#REF!*0.04 -> #REF! | O63: =$D$37 -> 13680000 | P63: =M63+N63+O63 -> #REF! | S63: =P63/POWER(1+$B$12,11) -> #REF! | U63: =S63/$S$52*100 -> #REF! | V63: =V62+S63 -> #REF!
A64: 13 | B64: 71 | H64: =H63*(1+0.07)-H63*0.04 -> 1.4257609e+08 | I64: =I63*(1+0.07)-I63*0.04 -> 1.4257609e+08 | J64: =J63*(1+0.07)-J63*0.04 -> 1.4257609e+08 | M64: =(H63+I63+J63)*0.04 -> 16610806 | N64: =#REF!*0.04 -> #REF! | O64: =$D$37 -> 13680000 | P64: =M64+N64+O64 -> #REF! | S64: =P64/POWER(1+$B$12,12) -> #REF! | U64: =S64/$S$52*100 -> #REF! | V64: =V63+S64 -> #REF!
A65: 14 | B65: 72 | H65: =H64*(1+0.07)-H64*0.04 -> 1.4685337e+08 | I65: =I64*(1+0.07)-I64*0.04 -> 1.4685337e+08 | J65: =J64*(1+0.07)-J64*0.04 -> 1.4685337e+08 | M65: =(H64+I64+J64)*0.04 -> 17109131 | N65: =#REF!*0.04 -> #REF! | O65: =$D$37 -> 13680000 | P65: =M65+N65+O65 -> #REF! | S65: =P65/POWER(1+$B$12,13) -> #REF! | U65: =S65/$S$52*100 -> #REF! | V65: =V64+S65 -> #REF!
A66: 15 | B66: 73 | H66: =H65*(1+0.07)-H65*0.04 -> 1.5125897e+08 | I66: =I65*(1+0.07)-I65*0.04 -> 1.5125897e+08 | J66: =J65*(1+0.07)-J65*0.04 -> 1.5125897e+08 | M66: =(H65+I65+J65)*0.04 -> 17622405 | N66: =#REF!*0.04 -> #REF! | O66: =$D$37 -> 13680000 | P66: =M66+N66+O66 -> #REF! | S66: =P66/POWER(1+$B$12,14) -> #REF! | U66: =S66/$S$52*100 -> #REF! | V66: =V65+S66 -> #REF!
A67: 16 | B67: 74 | H67: =H66*(1+0.07)-H66*0.04 -> 1.5579674e+08 | I67: =I66*(1+0.07)-I66*0.04 -> 1.5579674e+08 | J67: =J66*(1+0.07)-J66*0.04 -> 1.5579674e+08 | M67: =(H66+I66+J66)*0.04 -> 18151077 | N67: =#REF!*0.04 -> #REF! | O67: =$D$37 -> 13680000 | P67: =M67+N67+O67 -> #REF! | S67: =P67/POWER(1+$B$12,15) -> #REF! | U67: =S67/$S$52*100 -> #REF! | V67: =V66+S67 -> #REF!
A68: 17 | B68: 75 | H68: =H67*(1+0.07)-H67*0.04 -> 1.6047064e+08 | I68: =I67*(1+0.07)-I67*0.04 -> 1.6047064e+08 | J68: =J67*(1+0.07)-J67*0.04 -> 1.6047064e+08 | M68: =(H67+I67+J67)*0.04 -> 18695609 | N68: =#REF!*0.04 -> #REF! | O68: =$D$37 -> 13680000 | P68: =M68+N68+O68 -> #REF! | S68: =P68/POWER(1+$B$12,16) -> #REF! | U68: =S68/$S$52*100 -> #REF! | V68: =V67+S68 -> #REF!
A69: 18 | B69: 76 | H69: =H68*(1+0.07)-H68*0.04 -> 1.6528476e+08 | I69: =I68*(1+0.07)-I68*0.04 -> 1.6528476e+08 | J69: =J68*(1+0.07)-J68*0.04 -> 1.6528476e+08 | M69: =(H68+I68+J68)*0.04 -> 19256477 | N69: =#REF!*0.04 -> #REF! | O69: =$D$37 -> 13680000 | P69: =M69+N69+O69 -> #REF! | S69: =P69/POWER(1+$B$12,17) -> #REF! | U69: =S69/$S$52*100 -> #REF! | V69: =V68+S69 -> #REF!
A70: 19 | B70: 77 | H70: =H69*(1+0.07)-H69*0.04 -> 1.7024331e+08 | I70: =I69*(1+0.07)-I69*0.04 -> 1.7024331e+08 | J70: =J69*(1+0.07)-J69*0.04 -> 1.7024331e+08 | M70: =(H69+I69+J69)*0.04 -> 19834172 | N70: =#REF!*0.04 -> #REF! | O70: =$D$37 -> 13680000 | P70: =M70+N70+O70 -> #REF! | S70: =P70/POWER(1+$B$12,18) -> #REF! | U70: =S70/$S$52*100 -> #REF! | V70: =V69+S70 -> #REF!
A71: 20 | B71: 78 | H71: =H70*(1+0.07)-H70*0.04 -> 1.7535061e+08 | I71: =I70*(1+0.07)-I70*0.04 -> 1.7535061e+08 | J71: =J70*(1+0.07)-J70*0.04 -> 1.7535061e+08 | M71: =(H70+I70+J70)*0.04 -> 20429197 | N71: =#REF!*0.04 -> #REF! | O71: =$D$37 -> 13680000 | P71: =M71+N71+O71 -> #REF! | S71: =P71/POWER(1+$B$12,19) -> #REF! | U71: =S71/$S$52*100 -> #REF! | V71: =V70+S71 -> #REF!
A72: 21 | B72: 79 | H72: =H71*(1+0.07)-H71*0.04 -> 1.8061112e+08 | I72: =I71*(1+0.07)-I71*0.04 -> 1.8061112e+08 | J72: =J71*(1+0.07)-J71*0.04 -> 1.8061112e+08 | M72: =(H71+I71+J71)*0.04 -> 21042073 | N72: =#REF!*0.04 -> #REF! | O72: =$D$37 -> 13680000 | P72: =M72+N72+O72 -> #REF! | S72: =P72/POWER(1+$B$12,20) -> #REF! | U72: =S72/$S$52*100 -> #REF! | V72: =V71+S72 -> #REF!
A73: 22 | B73: 80 | H73: =H72*(1+0.07)-H72*0.04 -> 1.8602946e+08 | I73: =I72*(1+0.07)-I72*0.04 -> 1.8602946e+08 | J73: =J72*(1+0.07)-J72*0.04 -> 1.8602946e+08 | M73: =(H72+I72+J72)*0.04 -> 21673335 | N73: =#REF!*0.04 -> #REF! | O73: =$D$37 -> 13680000 | P73: =M73+N73+O73 -> #REF! | S73: =P73/POWER(1+$B$12,21) -> #REF! | U73: =S73/$S$52*100 -> #REF! | V73: =V72+S73 -> #REF!
A74: 23 | B74: 81 | H74: =H73*(1+0.07)-H73*0.04 -> 1.9161034e+08 | I74: =I73*(1+0.07)-I73*0.04 -> 1.9161034e+08 | J74: =J73*(1+0.07)-J73*0.04 -> 1.9161034e+08 | M74: =(H73+I73+J73)*0.04 -> 22323535 | N74: =#REF!*0.04 -> #REF! | O74: =$D$37 -> 13680000 | P74: =M74+N74+O74 -> #REF! | S74: =P74/POWER(1+$B$12,22) -> #REF! | U74: =S74/$S$52*100 -> #REF! | V74: =V73+S74 -> #REF!
A75: 24 | B75: 82 | H75: =H74*(1+0.07)-H74*0.04 -> 1.9735865e+08 | I75: =I74*(1+0.07)-I74*0.04 -> 1.9735865e+08 | J75: =J74*(1+0.07)-J74*0.04 -> 1.9735865e+08 | M75: =(H74+I74+J74)*0.04 -> 22993241 | N75: =#REF!*0.04 -> #REF! | O75: =$D$37 -> 13680000 | P75: =M75+N75+O75 -> #REF! | S75: =P75/POWER(1+$B$12,23) -> #REF! | U75: =S75/$S$52*100 -> #REF! | V75: =V74+S75 -> #REF!
A76: 25 | B76: 83 | H76: =H75*(1+0.07)-H75*0.04 -> 2.0327941e+08 | I76: =I75*(1+0.07)-I75*0.04 -> 2.0327941e+08 | J76: =J75*(1+0.07)-J75*0.04 -> 2.0327941e+08 | M76: =(H75+I75+J75)*0.04 -> 23683038 | N76: =#REF!*0.04 -> #REF! | O76: =$D$37 -> 13680000 | P76: =M76+N76+O76 -> #REF! | S76: =P76/POWER(1+$B$12,24) -> #REF! | U76: =S76/$S$52*100 -> #REF! | V76: =V75+S76 -> #REF!
A77: 25년 합계 | P77: =SUM(P52:P76) -> #REF! | S77: =SUM(S52:S76) -> #REF! | V77: =V76 -> #REF!
I78: =6000000+3000000 -> 9000000 | J78: 윤숙 계좌에서 | L78: 20000000
A79: ■ 시나리오 2: 65세 정상 국민연금 - 연도별 상세
A80: 연차 | B80: 나이 | C80: 공격투자총액 | D80: KR | E80: Global | F80: Alternative | G80: Crypto | H80: 변액보험잔액 | I80: 사적저축잔액 | J80: 퇴직연금잔액 | K80: ISA본인 | L80: ISA배우자 | M80: 사적연금수령 | N80: ISA수령 | O80: 국민연금 | P80: 연금ISA수령액 | Q80: 희망+실급 | R80: 부족 생활자금 | S80: 총수령액(실질) | T80: 비고 | U80: 생활비구매력 | V80: 필요금액총액 | W80: 아이들 증여 | X80: 주택금액 | Y80: 저축 | Z80: 청약저축 | AA80: 자산합계 | AB80: 주택가격 | AC80: 750000000
A81: -6 | B81: 52 | C81: =D81+E81+F81+G81 -> 891384748 | D81: 514753229 | E81: 228537719 | F81: 49597939 | G81: 98495861 | H81: 73000000 | I81: 27257887 | J81: 58527425 | K81: 0 | L81: 0 | X81: 550000000 | Y81: 208000000 | Z81: 17500000 | AA81: =Z81+Y81+X81+L81+J81+I81+H81+C81+K81 -> 1825670060 | AB81: 윤저축 | AC81: -110000000
A82: -5 | B82: 2026. 53 | C82: =D82+E82+F82 -> 1.1354334e+09 | D82: =645307213*(1+$B$40/2) -> 6.9047872e+08 | E82: =275351063*(1+$B$41/2) -> 2.9187213e+08 | F82: =146490514*(1+$D$40/2) -> 1.5308259e+08 | H82: 102000000 | I82: 60000000 | J82: 90000000 | K82: 54000000 | L82: =40000000*(1+$B$10) -> 43600000 | W82: 80000000 | X82: 550000000 | Y82: 110000000 | Z82: 17500000 | AA82: =Z82+Y82+X82+L82+J82+I82+H82+C82+K82 -> 2.1625334e+09 | AB82: 청약저축 | AC82: =-Z84 -> -17500000 | AD82: =AA82/AA81-1 -> 0.18451492
A83: -4 | B83: 54 | C83: =D83+E83+F83+G83 -> 1.2809025e+09 | D83: =D82*(1+$B$40) -> 7.8714574e+08 | E83: =E82*(1+$B$41) -> 3.2689678e+08 | F83: =F82*(1+$D$40) -> 1.6686002e+08 | H83: =H82*(1+C$26) -> 109650000 | I83: =(I82+18000000)*(1+C$27) -> 83850000 | J83: =(J82+11000000)*(1+$C$27) -> 108575000 | K83: =(K82+20000000)*(1+$B$10) -> 80660000 | L83: =(L82+20000000)*(1+$B$10) -> 69324000 | W83: =W82*(1+F$40) -> 94400000 | X83: 550000000 | Y83: 110000000 | Z83: 17500000 | AA83: =Z83+Y83+X83+L83+J83+I83+H83+C83+K83+W83 -> 2.5048615e+09 | AB83: 전세자금 | AC83: -550000000 | AD83: =AA83/AA82-1 -> 0.15829957
A84: -3 | B84: 55 | C84: =D84+E84+F84+G84 -> 1.445348e+09 | D84: =D83*(1+$B$40) -> 8.9734614e+08 | E84: =E83*(1+$B$41) -> 3.661244e+08 | F84: =F83*(1+$D$40) -> 1.8187742e+08 | H84: =H83*(1+C$26) -> 117873750 | I84: =(I83+18000000)*(1+C$27) -> 109488750 | J84: =(J83+11000000)*(1+$C$27) -> 128543125 | K84: =(K83+20000000)*(1+$B$10) -> 1.097194e+08 | L84: =(L83+20000000)*(1+$B$10) -> 97363160 | W84: =W83*(1+F$40) -> 111392000 | X84: 550000000 | Y84: 110000000 | Z84: 17500000 | AA84: =Z84+Y84+X84+L84+J84+I84+H84+C84+K84+W84 -> 2.7972281e+09 | AB84: 대출 | AC84: -100000000 | AD84: =AA84/AA83-1 -> 0.11671967
A85: -2 | B85: 56 | C85: =D85+E85+F85+G85 -> 1.6312803e+09 | D85: =D84*(1+$B$40) -> 1.0229746e+09 | E85: =E84*(1+$B$41) -> 4.1005932e+08 | F85: =F84*(1+$D$40) -> 1.9824639e+08 | H85: =H84*(1+C$26) -> 1.2671428e+08 | I85: =(I84+18000000)*(1+C$27) -> 1.3705041e+08 | J85: =(J84+11000000)*(1+$C$27) -> 1.5000886e+08 | K85: =(K84+20000000)*(1+$B$10) -> 1.4139415e+08 | L85: =(L84+20000000)*(1+$B$10) -> 1.2792584e+08 | W85: =W84*(1+F$40) -> 131442560 | X85: 550000000 | Y85: 110000000 | Z85: 17500000 | AA85: =Z85+Y85+X85+L85+J85+I85+H85+C85+K85+W85 -> 3.1233164e+09 | AB85: US투자금 | AD85: =AA85/AA84-1 -> 0.1165755
A86: -1 | B86: 2030. 57 10월퇴사 | C86: =D86+E86+F86+G86 -> 1.8415461e+09 | D86: =D85*(1+$B$40) -> 1.166191e+09 | E86: =E85*(1+$B$41) -> 4.5926644e+08 | F86: =F85*(1+$D$40) -> 2.1608856e+08 | H86: =H85*(1+C$26) -> 1.3621785e+08 | I86: =(I85+18000000)*(1+C$27) -> 1.6667919e+08 | J86: =(J85+11000000)*(1+$C$27) -> 1.7308452e+08 | K86: =K85*(1+$B$10) -> 1.5411962e+08 | L86: =L85*(1+$B$10) -> 1.3943917e+08 | W86: =W85*(1+F$40) -> 1.5510222e+08 | X86: 750000000 | Y86: -100000000 | Z86: 0 | AA86: =Z86+Y86+X86+L86+J86+I86+H86+C86+K86+W86 -> 3.4161886e+09 | AB86: CR투자금 | AD86: =AA86/AA85-1 -> 0.093769627
A87: 0 | B87: 58 연금수령 시작 | C87: =D87+E87+F87+G87 -> 1.9993727e+09 | D87: =D86*(1+$B$40)-80000000 -> 1.2494578e+09 | E87: =E86*(1+$B$41) -> 5.1437842e+08 | F87: =F86*(1+$D$40) -> 2.3553654e+08 | H87: =H86*(1+(C$26-D$26)) -> 1.3621785e+08 | I87: =I86*(1+(C$26-D$26)) -> 1.6667919e+08 | J87: =J86*(1+(C$26-D$26)) -> 1.7308452e+08 | K87: =(K86)*(1+($B$10-$B$11)) -> 1.5720201e+08 | L87: =(L86)*(1+($B$10-$B$11)) -> 1.4222795e+08 | M87: =(H86+I86+J86)*D$26 -> 35698617 | N87: =(K86+L86)*$D$31 -> 20549115 | P87: =M87+N87 -> 56247732 | Q87: =104000000 -> 104000000 | R87: 0 | S87: =P87+Q87+R87 -> 1.6024773e+08 | T87: 희망+실업+연금+4천증여+여행4천 | U87: 80000000 | V87: =U87+40000000+40000000 -> 160000000 | W87: =W86*(1+F$40)+40000000 -> 2.2302062e+08 | X87: =X86 -> 750000000 | Y87: -100000000 | Z87: 0 | AA87: =Z87+Y87+X87+L87+J87+I87+H87+C87+K87+W87 -> 3.6478049e+09 | AB87: 희망퇴직+실업급여 | AC87: =AC80+SUM(AC81:AC86) -> -27500000 | AD87: =AA87/AA86-1 -> 0.067799613 | AE87: 58세부터 10년간 연금 수령
A88: 1 | B88: 2032.59 | C88: =D88+E88+F88+G88 -> 2.2262205e+09 | D88: =D87*(1+$B$40)-R88 -> 1.3933819e+09 | E88: =E87*(1+$B$41) -> 5.7610383e+08 | F88: =F87*(1+$D$40) -> 2.5673482e+08 | H88: =H87*(1+(C$26-D$26)) -> 1.3621785e+08 | I88: =I87*(1+(C$26-D$26)) -> 1.6667919e+08 | J88: =J87*(1+(C$26-D$26)) -> 1.7308452e+08 | K88: =(K87)*(1+($B$10-$B$11)) -> 1.6034605e+08 | L88: =(L87)*(1+($B$10-$B$11)) -> 1.4507251e+08 | M88: =(H87+I87+J87)*D$26 -> 35698617 | N88: =(K87+L87)*$D$31 -> 20960098 | P88: =M88+N88 -> 56658715 | Q88: =16000000+18500000 -> 34500000 | R88: 31000000 | S88: =P88+Q88+R88 -> 1.2215871e+08 | T88: 희망+실업+연금+여행4천 | U88: =U87*(1+B12) -> 82000000 | V88: =U88+40000000 -> 122000000 | W88: =W87*(1+F$40) -> 2.6316433e+08 | X88: =X87 -> 750000000 | Y88: -100000000 | Z88: 0 | AA88: =Z88+Y88+X88+L88+J88+I88+H88+C88+K88+W88 -> 3.920785e+09 | AB88: 희망퇴직+실업급여 잔여 일부 0.4억
A89: 2 | B89: 60 | C89: =D89+E89+F89+G89 -> 1.9565326e+09 | D89: =D88*(1+$B$40)-(R89*0.7) -> 1.1985553e+09 | E89: =E88*(1+$B$41)-(R89*0.2) -> 5.3383628e+08 | F89: =F88*(1+$D$40)-(R89*0.1) -> 2.2414096e+08 | H89: =H88*(1+(C$26-D$26)) -> 1.3621785e+08 | I89: =I88*(1+(C$26-D$26)) -> 1.6667919e+08 | J89: =J88*(1+(C$26-D$26)) -> 1.7308452e+08 | K89: =(K88)*(1+($B$10-$B$11)) -> 1.6355297e+08 | L89: =(L88)*(1+($B$10-$B$11)) -> 1.4797396e+08 | M89: =(H88+I88+J88)*D$26 -> 35698617 | N89: =(K88+L88)*$D$32 -> 21379300 | P89: =M89+N89+O89 -> 57077917 | R89: 557000000 | S89: =P89+Q89+R89 -> 6.1407792e+08 | T89: 여행3천+5억증여(세금0.9,실제4.1) | U89: =U88*(1+$B$12) -> 84050000 | V89: =U89+30000000+500000000 -> 614050000 | W89: =W88*(1+F$40)+410000000 -> 7.2053391e+08 | X89: =X88 -> 750000000 | Y89: -100000000 | Z89: 0 | AA89: =Z89+Y89+X89+L89+J89+I89+H89+C89+K89+W89 -> 4.114575e+09 | AB89: 5억 중여 | AC89: =100000000+R89 -> 657000000 | AD89: 증여세 0.9억
A90: 3 | B90: 61 | C90: =D90+E90+F90+G90 -> 2.1370634e+09 | D90: =D89*(1+$B$40)-R90 -> 1.2948531e+09 | E90: =E89*(1+$B$41) -> 5.9789664e+08 | F90: =F89*(1+$D$40) -> 2.4431364e+08 | H90: =H89*(1+(C$26-D$26)) -> 1.3621785e+08 | I90: =I89*(1+(C$26-D$26)) -> 1.6667919e+08 | J90: =J89*(1+(C$26-D$26)) -> 1.7308452e+08 | K90: =(K89)*(1+($B$10-$B$11)) -> 1.6682403e+08 | L90: =(L89)*(1+($B$10-$B$11)) -> 1.5093344e+08 | M90: =(H89+I89+J89)*D$26 -> 35698617 | N90: =(K89+L89)*$D$32 -> 21806886 | P90: =M90+N90+O90 -> 57505503 | R90: 71500000 | S90: =P90/POWER(1+$B$12,2)+R90 -> 1.2623457e+08 | T90: 여행4천 | U90: =U89*(1+$B$12) -> 86151250 | V90: =U90+40000000 -> 1.2615125e+08 | W90: =W89*(1+F$40) -> 8.5023002e+08 | X90: =X89 -> 750000000 | Y90: -100000000 | Z90: 0 | AA90: =Z90+Y90+X90+L90+J90+I90+H90+C90+K90+W90 -> 4.4310324e+09
A91: 4 | B91: 62 | C91: =D91+E91+F91+G91 -> 2.3370786e+09 | D91: =D90*(1+$B$40)-R91 -> 1.4011325e+09 | E91: =E90*(1+$B$41) -> 6.6964423e+08 | F91: =F90*(1+$D$40) -> 2.6630187e+08 | H91: =H90*(1+(C$26-D$26)) -> 1.3621785e+08 | I91: =I90*(1+(C$26-D$26)) -> 1.6667919e+08 | J91: =J90*(1+(C$26-D$26)) -> 1.7308452e+08 | K91: =(K90)*(1+($B$10-$B$11)) -> 1.7016051e+08 | L91: =(L90)*(1+($B$10-$B$11)) -> 1.5395211e+08 | M91: =(H90+I90+J90)*D$26 -> 35698617 | N91: =(K90+L90)*$D$32 -> 22243023 | P91: =M91+N91+O91 -> 57941640 | R91: 75000000 | S91: =P91/POWER(1+$B$12,3)+R91 -> 1.2880457e+08 | T91: 여행4천 | U91: =U90*(1+$B$12) -> 88305031 | V91: =U91+40000000 -> 1.2830503e+08 | W91: =W90*(1+F$40) -> 1.0032714e+09 | X91: =X90 -> 750000000 | Y91: -100000000 | Z91: 0 | AA91: =Z91+Y91+X91+L91+J91+I91+H91+C91+K91+W91 -> 4.7904442e+09
A92: 5 | B92: 63 | C92: =D92+E92+F92+G92 -> 2.5595617e+09 | D92: =D91*(1+$B$40)-R92 -> 1.5192911e+09 | E92: =E91*(1+$B$41) -> 7.5000154e+08 | F92: =F91*(1+$D$40) -> 2.9026904e+08 | H92: =H91*(1+(C$26-D$26)) -> 1.3621785e+08 | I92: =I91*(1+(C$26-D$26)) -> 1.6667919e+08 | J92: =J91*(1+(C$26-D$26)) -> 1.7308452e+08 | K92: =(K91)*(1+($B$10-$B$11)) -> 1.7356372e+08 | L92: =(L91)*(1+($B$10-$B$11)) -> 1.5703115e+08 | M92: =(H91+I91+J91)*D$26 -> 35698617 | N92: =(K91+L91)*$D$32 -> 22687884 | P92: =M92+N92+O92 -> 58386501 | R92: 78000000 | S92: =P92/POWER(1+$B$12,4)+R92 -> 1.3089529e+08 | T92: 여행4천 | U92: =U91*(1+$B$12) -> 90512657 | V92: =U92+40000000 -> 1.3051266e+08 | W92: =W91*(1+F$40) -> 1.1838603e+09 | X92: =X91 -> 750000000 | Y92: -100000000 | Z92: 0 | AA92: =Z92+Y92+X92+L92+J92+I92+H92+C92+K92+W92 -> 5.1999984e+09
A93: 6 | B93: 64 | C93: =D93+E93+F93+G93 -> 2.8083868e+09 | D93: =D92*(1+$B$40)-R93 -> 1.6519918e+09 | E93: =E92*(1+$B$41) -> 8.4000173e+08 | F93: =F92*(1+$D$40) -> 3.1639325e+08 | H93: =H92*(1+(C$26-D$26)) -> 1.3621785e+08 | I93: =I92*(1+(C$26-D$26)) -> 1.6667919e+08 | J93: =J92*(1+(C$26-D$26)) -> 1.7308452e+08 | K93: =(K92)*(1+($B$10-$B$11)) -> 1.77035e+08 | L93: =(L92)*(1+($B$10-$B$11)) -> 1.6017178e+08 | M93: =(H92+I92+J92)*D$26 -> 35698617 | N93: =(K92+L92)*$D$32 -> 23141641 | P93: =M93+N93+O93 -> 58840259 | R93: 80000000 | S93: =P93/POWER(1+$B$12,5)+R93 -> 1.3200621e+08 | T93: 여행4천 | U93: =U92*(1+$B$12) -> 92775473 | V93: =U93+40000000 -> 1.3277547e+08 | W93: =W92*(1+F$40) -> 1.3969551e+09 | X93: =X92 -> 750000000 | Y93: -100000000 | Z93: 0 | AA93: =Z93+Y93+X93+L93+J93+I93+H93+C93+K93+W93 -> 5.6685303e+09
A94: 7 | B94: 2038. 65 국민연금시작 | C94: =D94+E94+F94+G94 -> 3.1029413e+09 | D94: =D93*(1+$B$40)-R94 -> 1.8172707e+09 | E94: =E93*(1+$B$41) -> 9.4080194e+08 | F94: =F93*(1+$D$40) -> 3.4486865e+08 | H94: =H93*(1+(C$26-D$26)) -> 1.3621785e+08 | I94: =I93*(1+(C$26-D$26)) -> 1.6667919e+08 | J94: =J93*(1+(C$26-D$26)) -> 1.7308452e+08 | K94: =(K93)*(1+($B$10-$B$11)) -> 1.805757e+08 | L94: =(L93)*(1+($B$10-$B$11)) -> 1.6337521e+08 | M94: =(H93+I93+J93)*D$26 -> 35698617 | N94: =(K93+L93)*$D$32 -> 23604474 | O94: =E39 -> 33516000 | P94: =M94+N94+O94 -> 92819091 | R94: 66000000 | S94: =P94/POWER(1+$B$12,6)+R94 -> 1.4603761e+08 | T94: 여행5천 | U94: =U93*(1+$B$12) -> 95094860 | V94: =U94+50000000 -> 1.4509486e+08 | W94: =W93*(1+F$40) -> 1.648407e+09 | X94: =X93 -> 750000000 | Y94: -100000000 | Z94: 0 | AA94: =Z94+Y94+X94+L94+J94+I94+H94+C94+K94+W94 -> 6.2212808e+09
A95: 8 | B95: 66 | C95: =D95+E95+F95+G95 -> 3.2422936e+09 | D95: =D94*(1+$B$40)-R95 -> 1.8126886e+09 | E95: =E94*(1+$B$41) -> 1.0536982e+09 | F95: =F94*(1+$D$40) -> 3.7590683e+08 | H95: =H94*(1+(C$26-D$26)) -> 1.3621785e+08 | I95: =I94*(1+(C$26-D$26)) -> 1.6667919e+08 | J95: =J94*(1+(C$26-D$26)) -> 1.7308452e+08 | K95: =(K94)*(1+($B$10-$B$11)) -> 1.8418721e+08 | L95: =(L94)*(1+($B$10-$B$11)) -> 1.6664272e+08 | M95: =(H94+I94+J94)*D$26 -> 35698617 | N95: =(K94+L94)*$D$32 -> 24076564 | O95: =O94*(1+B$12) -> 34353900 | P95: =M95+N95+O95 -> 94129081 | R95: 259000000 | S95: =P95/POWER(1+$B$12,7)+R95 -> 3.3818752e+08 | T95: 여행4천+2억증여 | U95: =U94*(1+$B$12) -> 97472232 | V95: =U95+240000000 -> 3.3747223e+08 | W95: =W94*(1+F$40)+160000000 -> 2.1051203e+09 | X95: =X94 -> 750000000 | Y95: -100000000 | Z95: 0 | AA95: =Z95+Y95+X95+L95+J95+I95+H95+C95+K95+W95 -> 6.8242254e+09 | AB95: 2억 | AC95: 증여세 0.4억
A96: 9 | B96: 67 | C96: =D96+E96+F96+G96 -> 3.5953454e+09 | D96: =D95*(1+$B$40)-R96 -> 2.005465e+09 | E96: =E95*(1+$B$41) -> 1.1801419e+09 | F96: =F95*(1+$D$40) -> 4.0973844e+08 | H96: =H95*(1+(C$26-D$26)) -> 1.3621785e+08 | I96: =I95*(1+(C$26-D$26)) -> 1.6667919e+08 | J96: =J95*(1+(C$26-D$26)) -> 1.7308452e+08 | K96: =(K95)*(1+($B$10-$B$11)) -> 1.8787096e+08 | L96: =(L95)*(1+($B$10-$B$11)) -> 1.6997557e+08 | M96: =(H95+I95+J95)*D$26 -> 35698617 | N96: =(K95+L95)*$D$32 -> 24558095 | O96: =O95*(1+B$12) -> 35212748 | P96: =M96+N96+O96 -> 95469460 | R96: 61000000 | S96: =P96/POWER(1+$B$12,8)+R96 -> 1.3935623e+08 | T96: 여행4천 | U96: =U95*(1+$B$12) -> 99909038 | V96: =U96+40000000 -> 1.3990904e+08 | W96: =W95*(1+F$40) -> 2.484042e+09 | X96: =X95 -> 750000000 | Y96: -100000000 | Z96: 0 | AA96: =Z96+Y96+X96+L96+J96+I96+H96+C96+K96+W96 -> 7.5632154e+09
A97: 10 | B97: 68 | C97: =D97+E97+F97+G97 -> 3.989604e+09 | D97: =D96*(1+$B$40)-R97 -> 2.2212301e+09 | E97: =E96*(1+$B$41) -> 1.321759e+09 | F97: =F96*(1+$D$40) -> 4.466149e+08 | H97: =H96*(1+(C$26-D$26)) -> 1.3621785e+08 | I97: =I96*(1+(C$26-D$26)) -> 1.6667919e+08 | J97: =J96*(1+(C$26-D$26)) -> 1.7308452e+08 | K97: =(K96)*(1+($B$10-$B$11)) -> 1.9162837e+08 | L97: =(L96)*(1+($B$10-$B$11)) -> 1.7337508e+08 | M97: =(H96+I96+J96)*D$26 -> 35698617 | N97: =(K96+L96)*$D$32 -> 25049257 | O97: =O96*(1+B$12) -> 36093066 | P97: =M97+N97+O97 -> 96840940 | R97: 65000000 | S97: =P97/POWER(1+$B$12,9)+R97 -> 1.4254329e+08 | T97: 여행4천 | U97: =U96*(1+$B$12) -> 1.0240676e+08 | V97: =U97+40000000 -> 1.4240676e+08 | W97: =W96*(1+F$40) -> 2.9311695e+09 | X97: =X96 -> 750000000 | Y97: -100000000 | Z97: 0 | AA97: =Z97+Y97+X97+L97+J97+I97+H97+C97+K97+W97 -> 8.4117585e+09
A98: 11 | B98: 2042. 69 | C98: =D98+E98+F98+G98 -> 3.9313826e+09 | D98: =D97*(1+$B$40)-(R98*0.6) -> 2.1914023e+09 | E98: =E97*(1+$B$41)-(R98*0.3) -> 1.3099701e+09 | F98: =F97*(1+$D$40)-(R98*0.1) -> 4.3001024e+08 | H98: =H97*(1+(C$26-D$26)) -> 1.3621785e+08 | I98: =I97*(1+(C$26-D$26)) -> 1.6667919e+08 | J98: =J97*(1+(C$26-D$26)) -> 1.7308452e+08 | K98: =(K97)*(1+($B$10-$B$11)) -> 1.9546094e+08 | L98: =(L97)*(1+($B$10-$B$11)) -> 1.7684258e+08 | M98: =(H97+I97+J97)*D$26 -> 35698617 | N98: =(K97+L97)*$D$32 -> 25550242 | O98: =O97*(1+B$12) -> 36995393 | P98: =M98+N98+O98 -> 98244252 | R98: 568000000 | S98: =P98/POWER(1+$B$12,10)+R98 -> 6.4474825e+08 | T98: 여행4천+5억증여 | U98: =U97*(1+$B$12) -> 1.0496693e+08 | V98: =U98+540000000 -> 6.4496693e+08 | W98: =W97*(1+F$40)+410000000 -> 3.86878e+09 | X98: =X97 -> 750000000 | Y98: -100000000 | Z98: 0 | AA98: =Z98+Y98+X98+L98+J98+I98+H98+C98+K98+W98 -> 9.2984477e+09 | AB98: 5억 | AC98: 증여세 0.9억
A99: 12 | B99: 70 | C99: =D99+E99+F99+G99 -> 4.3510763e+09 | D99: =D98*(1+$B$40)-R99 -> 2.4151986e+09 | E99: =E98*(1+$B$41) -> 1.4671665e+09 | F99: =F98*(1+$D$40) -> 4.6871116e+08 | H99: =H98*(1+C$27)-H98*D$27 -> 1.3621785e+08 | I99: =I98*(1+C$27)-I98*D$27 -> 1.6667919e+08 | J99: =J98*(1+C$27)-J98*D$27 -> 1.7308452e+08 | K99: =K98*(1+$C$31)-K98*$D$31 -> 1.9937016e+08 | L99: =L98*(1+C$31)-L98*D$31 -> 1.8037944e+08 | M99: =(H99+I99+J99)*(D$27*(1-5.5%)) -> 33735193 | N99: =(K99+L99)*D$26*(1-9.9%) -> 25661579 | O99: =O98*(1+B$12) -> 37920278 | P99: =M99+N99+O99 -> 97317050 | R99: 83000000 | S99: =P99/POWER(1+$B$12,11)+R99 -> 1.5716968e+08 | T99: 여행5천 | U99: =U98*(1+$B$12) -> 1.0759111e+08 | V99: =U99+50000000 -> 1.5759111e+08 | W99: =W98*(1+F$40) -> 4.5651604e+09 | X99: =X98 -> 750000000 | Y99: -100000000 | Z99: 0 | AA99: =Z99+Y99+X99+L99+J99+I99+H99+C99+K99+W99 -> 1.0421968e+10
A100: 13 | B100: 71 | C100: =D100+E100+F100+G100 -> 4.820448e+09 | D100: =D99*(1+$B$40)-R100 -> 2.6663264e+09 | E100: =E99*(1+$B$41) -> 1.6432264e+09 | F100: =F99*(1+$D$40) -> 5.1089517e+08 | H100: =H99*(1+C$27)-H99*D$27 -> 1.3621785e+08 | I100: =I99*(1+C$27)-I99*D$27 -> 1.6667919e+08 | J100: =J99*(1+C$27)-J99*D$27 -> 1.7308452e+08 | K100: =K99*(1+$C$31)-K99*$D$31 -> 2.0335756e+08 | L100: =L99*(1+C$31)-L99*D$31 -> 1.8398702e+08 | M100: =(H100+I100+J100)*(D$27*(1-5.5%)) -> 33735193 | N100: =(K100+L100)*D$26*(1-9.9%) -> 26174811 | O100: =O99*(1+B$12) -> 38868285 | P100: =M100+N100+O100 -> 98778288 | R100: 87000000 | S100: =P100/POWER(1+$B$12,12)+R100 -> 1.6044718e+08 | T100: 여행5천 | U100: =U99*(1+$B$12) -> 1.1028088e+08 | V100: =U100+50000000 -> 1.6028088e+08 | W100: =W99*(1+F$40) -> 5.3868893e+09 | X100: =X99 -> 750000000 | Y100: -100000000 | Z100: 0 | AA100: =Z100+Y100+X100+L100+J100+I100+H100+C100+K100+W100 -> 1.1720664e+10
A101: 14 | B101: 72 | C101: =D101+E101+F101+G101 -> 5.3459015e+09 | D101: =D100*(1+$B$40)-R101 -> 2.9486121e+09 | E101: =E100*(1+$B$41) -> 1.8404136e+09 | F101: =F100*(1+$D$40) -> 5.5687573e+08 | H101: =H100*(1+C$27)-H100*D$27 -> 1.3621785e+08 | I101: =I100*(1+C$27)-I100*D$27 -> 1.6667919e+08 | J101: =J100*(1+C$27)-J100*D$27 -> 1.7308452e+08 | K101: =K100*(1+$C$31)-K100*$D$31 -> 2.0742472e+08 | L101: =L100*(1+C$31)-L100*D$31 -> 1.8766676e+08 | M101: =(H101+I101+J101)*(D$27*(1-5.5%)) -> 33735193 | N101: =(K101+L101)*D$26*(1-9.9%) -> 26698307 | O101: =O100*(1+B$12) -> 39839992 | P101: =M101+N101+O101 -> 1.0027349e+08 | R101: 91000000 | S101: =P101/POWER(1+$B$12,13)+R101 -> 1.6374043e+08 | T101: 여행5천 | U101: =U100*(1+$B$12) -> 1.1303791e+08 | V101: =U101+50000000 -> 1.6303791e+08 | W101: =W100*(1+F$40) -> 6.3565294e+09 | X101: =X100 -> 750000000 | Y101: -100000000 | Z101: 0 | AA101: =Z101+Y101+X101+L101+J101+I101+H101+C101+K101+W101 -> 1.3223504e+10
A102: 15 | B102: 73 | C102: =D102+E102+F102+G102 -> 5.9366756e+09 | D102: =D101*(1+$B$40)-R102 -> 3.2684178e+09 | E102: =E101*(1+$B$41) -> 2.0612632e+09 | F102: =F101*(1+$D$40) -> 6.0699455e+08 | H102: =H101*(1+C$27)-H101*D$27 -> 1.3621785e+08 | I102: =I101*(1+C$27)-I101*D$27 -> 1.6667919e+08 | J102: =J101*(1+C$27)-J101*D$27 -> 1.7308452e+08 | K102: =K101*(1+$C$31)-K101*$D$31 -> 2.1157321e+08 | L102: =L101*(1+C$31)-L101*D$31 -> 1.914201e+08 | M102: =(H102+I102+J102)*(D$27*(1-5.5%)) -> 33735193 | N102: =(K102+L102)*D$26*(1-9.9%) -> 27232273 | O102: =O101*(1+B$12) -> 40835992 | P102: =M102+N102+O102 -> 1.0180346e+08 | R102: 93000000 | S102: =P102/POWER(1+$B$12,14)+R102 -> 1.6504908e+08 | T102: 여행5천 | U102: =U101*(1+$B$12) -> 1.1586385e+08 | V102: =U102+50000000 -> 1.6586385e+08 | W102: =W101*(1+F$40) -> 7.5007047e+09 | X102: =X101 -> 750000000 | Y102: -100000000 | Z102: 0 | AA102: =Z102+Y102+X102+L102+J102+I102+H102+C102+K102+W102 -> 1.4966355e+10
A103: 16 | B103: 74 | C103: =D103+E103+F103+G103 -> 6.5992352e+09 | D103: =D102*(1+$B$40)-R103 -> 3.6289963e+09 | E103: =E102*(1+$B$41) -> 2.3086148e+09 | F103: =F102*(1+$D$40) -> 6.6162406e+08 | H103: =H102*(1+C$27)-H102*D$27 -> 1.3621785e+08 | I103: =I102*(1+C$27)-I102*D$27 -> 1.6667919e+08 | J103: =J102*(1+C$27)-J102*D$27 -> 1.7308452e+08 | K103: =K102*(1+$C$31)-K102*$D$31 -> 2.1580467e+08 | L103: =L102*(1+C$31)-L102*D$31 -> 1.952485e+08 | M103: =(H103+I103+J103)*(D$27*(1-5.5%)) -> 33735193 | N103: =(K103+L103)*D$26*(1-9.9%) -> 27776918 | O103: =O102*(1+B$12) -> 41856891 | P103: =M103+N103+O103 -> 1.03369e+08 | R103: 97000000 | S103: =P103/POWER(1+$B$12,15)+R103 -> 1.6837274e+08 | T103: 여행5천 | U103: =U102*(1+$B$12) -> 1.1876045e+08 | V103: =U103+50000000 -> 1.6876045e+08 | W103: =W102*(1+F$40) -> 8.8508315e+09 | X103: =X102 -> 750000000 | Y103: -100000000 | Z103: 0 | AA103: =Z103+Y103+X103+L103+J103+I103+H103+C103+K103+W103 -> 1.6987102e+10
A104: 17 | B104: 75 | C104: =D104+E104+F104+G104 -> 7.3428747e+09 | D104: =D103*(1+$B$40)-R104 -> 4.0360558e+09 | E104: =E103*(1+$B$41) -> 2.5856486e+09 | F104: =F103*(1+$D$40) -> 7.2117022e+08 | H104: =H103*(1+C$27)-H103*D$27 -> 1.3621785e+08 | I104: =I103*(1+C$27)-I103*D$27 -> 1.6667919e+08 | J104: =J103*(1+C$27)-J103*D$27 -> 1.7308452e+08 | K104: =K103*(1+$C$31)-K103*$D$31 -> 2.2012077e+08 | L104: =L103*(1+C$31)-L103*D$31 -> 1.9915347e+08 | M104: =(H104+I104+J104)*(D$27*(1-5.5%)) -> 33735193 | N104: =(K104+L104)*D$26*(1-9.9%) -> 28332457 | O104: =O103*(1+B$12) -> 42903314 | P104: =M104+N104+O104 -> 1.0497096e+08 | R104: 101000000 | S104: =P104/POWER(1+$B$12,16)+R104 -> 1.7171106e+08 | T104: 여행5천 | U104: =U103*(1+$B$12) -> 1.2172946e+08 | V104: =U104+50000000 -> 1.7172946e+08 | W104: =W103*(1+F$40) -> 1.0443981e+10 | X104: =X103 -> 750000000 | Y104: -100000000 | Z104: 0 | AA104: =Z104+Y104+X104+L104+J104+I104+H104+C104+K104+W104 -> 1.9332112e+10
...

Sheet 연금 시뮬레이션 (3)
A1: 종합 연금 수령 시뮬레이션 (만 59세 개시, 아파트 보유)
A3: ■ 기본 정보
A4: 항목 | B4: 값 | C4: 비고
A5: 생년월일 | B5: 1973년생 | C5: 2026년 만 53세
A6: 경제활동 | B6: 58세까지
A7: 연금 개시 나이 | B7: 만 59세 | C7: 2032년 시작
A8: 연금운용 연수익율 | B8: 0.07
A9: 연금 인출율 | B9: 0.045
A10: ISA 수익률 | B10: 0.09
A11: ISA 배당률 | B11: 0.08
A12: 예상 인플레이션 | B12: 0.025 | C12: 연평균 실질 물가상승률
B13: 100000000 | C13: =B13*4% -> 4000000
A15: ■ 주거 조건
A16: 항목 | B16: 금액 | C16: 비고
A17: 아파트 공시가격 | B17: 460000000 | C17: 6억원(6.5억원)
A18: 주택담보대출 | B18: 200000000 | C18: 2억원
A19: 대출 이자율 | B19: 0.04 | C19: 연 4%
A20: 연간 대출이자 | B20: =B18*B19 -> 8000000 | C20: 30년 상환 가정 | D20: =B20/12 -> 666666.67 | E20: 12000000 | F20: =E20/12 -> 1000000
A21: 건보료 산정 재산 | B21: =B17-B18 -> 260000000 | C21: 부채 차감 후
A24: ■ 자산 원금 및 운용 방식 (만 59세 개시일 기준)
A25: 자산 구분 | B25: 원금 | C25: 연 수익률 | D25: 연 인출률 | E25: 비고
A26: 변액유니버셜보험 | B26: =H87 -> 1.4306028e+08 | C26: =B8 -> 0.07 | D26: 0.045 | E26: 비과세
A27: 연금저축+IRP | B27: =I87 -> 1.7565234e+08 | C27: =B8 -> 0.07 | D27: 0.045 | E27: 연금소득세
A28: 퇴직연금 | B28: =J87 -> 1.8214585e+08 | C28: =B8 -> 0.07 | D28: 0.045 | E28: 연금소득세
A29: 사적연금 합계 | B29: =SUM(B26:B28) -> 5.0085847e+08 | E29: 3억원
A31: ISA (본인) | B31: =L87/2 -> 75994348 | C31: 0.09 | D31: 0.08
A32: ISA (배우자) | B32: =B31 -> 75994348 | C32: 0.09 | D32: 0.08
A33: ISA 합계 | B33: =SUM(B31:B32) -> 1.519887e+08
A35: ■ 국민연금 정보
A36: 수령 시기 | B36: 개시 나이 | C36: 월 수령액 | D36: 연 수령액 | E36: 조정률
A37: 조기수령 | B37: 59 | C37: 1140000 | D37: =C37*12 -> 13680000 | E37: 0.76
A38: 2년 조기 수령 | B38: 63 | C38: =1700000*88% -> 1496000 | D38: =C38*12 -> 17952000 | E38: 0.88 | F38: 62세까지 납입
A39: 윤숙 | C39: 400000 | D39: =C39*12 -> 4800000 | E39: =D38+D39 -> 22752000
A40: KR 수익 | B40: 0.14 | C40: Alternative | D40: 0.09 | E40: 아이들 | F40: 0.18 | O40: 1850000
A41: Global수익 | B41: 0.12 | C41: Pension | D41: 0.07 | O41: =O40*94% -> 1739000
J42: 내 계좌에서 | L42: 20000000 | O42: =O41*88% -> 1530320
A43: ■ 시나리오 1: 59세 조기 국민연금 - 연도별 상세
A44: 연차 | B44: 나이 | C44: 투자 총액 | E44: KRQT | H44: 변액보험잔액 | I44: 연금저축잔액 | J44: 퇴직연금잔액 | M44: 사적연금수령 | N44: ISA배당 | O44: 국민연금 | P44: 총수령액(명목) | R44: 총수령액(실질) | T44: 구매력지수 | U44: 누적실질총액
A45: -6 | B45: 52
A46: -5 | B46: 53
A47: -4 | B47: 54
A48: -3 | B48: 55
A49: -2 | B49: 56
A50: -1 | B50: 57
A51: 0 | B51: 58
A52: 1 | B52: 59 | H52: 100000000 | I52: 100000000 | J52: 100000000 | M52: =(H52+I52+J52)*0.04 -> 12000000 | N52: =#REF!*0.04 -> #REF! | O52: =$D$37 -> 13680000 | P52: =M52+N52+O52 -> #REF! | R52: =P52/POWER(1+$B$12,0) -> #REF! | T52: =R52/$R$52*100 -> #REF! | U52: =R52 -> #REF!
A53: 2 | B53: 60 | H53: =H52*(1+0.07)-H52*0.04 -> 103000000 | I53: =I52*(1+0.07)-I52*0.04 -> 103000000 | J53: =J52*(1+0.07)-J52*0.04 -> 103000000 | M53: =(H52+I52+J52)*0.04 -> 12000000 | N53: =#REF!*0.04 -> #REF! | O53: =$D$37 -> 13680000 | P53: =M53+N53+O53 -> #REF! | R53: =P53/POWER(1+$B$12,1) -> #REF! | T53: =R53/$R$52*100 -> #REF! | U53: =U52+R53 -> #REF!
A54: 3 | B54: 61 | H54: =H53*(1+0.07)-H53*0.04 -> 106090000 | I54: =I53*(1+0.07)-I53*0.04 -> 106090000 | J54: =J53*(1+0.07)-J53*0.04 -> 106090000 | M54: =(H53+I53+J53)*0.04 -> 12360000 | N54: =#REF!*0.04 -> #REF! | O54: =$D$37 -> 13680000 | P54: =M54+N54+O54 -> #REF! | R54: =P54/POWER(1+$B$12,2) -> #REF! | T54: =R54/$R$52*100 -> #REF! | U54: =U53+R54 -> #REF!
A55: 4 | B55: 62 | H55: =H54*(1+0.07)-H54*0.04 -> 109272700 | I55: =I54*(1+0.07)-I54*0.04 -> 109272700 | J55: =J54*(1+0.07)-J54*0.04 -> 109272700 | M55: =(H54+I54+J54)*0.04 -> 12730800 | N55: =#REF!*0.04 -> #REF! | O55: =$D$37 -> 13680000 | P55: =M55+N55+O55 -> #REF! | R55: =P55/POWER(1+$B$12,3) -> #REF! | T55: =R55/$R$52*100 -> #REF! | U55: =U54+R55 -> #REF!
A56: 5 | B56: 63 | H56: =H55*(1+0.07)-H55*0.04 -> 112550881 | I56: =I55*(1+0.07)-I55*0.04 -> 112550881 | J56: =J55*(1+0.07)-J55*0.04 -> 112550881 | M56: =(H55+I55+J55)*0.04 -> 13112724 | N56: =#REF!*0.04 -> #REF! | O56: =$D$37 -> 13680000 | P56: =M56+N56+O56 -> #REF! | R56: =P56/POWER(1+$B$12,4) -> #REF! | T56: =R56/$R$52*100 -> #REF! | U56: =U55+R56 -> #REF!
A57: 6 | B57: 64 | H57: =H56*(1+0.07)-H56*0.04 -> 1.1592741e+08 | I57: =I56*(1+0.07)-I56*0.04 -> 1.1592741e+08 | J57: =J56*(1+0.07)-J56*0.04 -> 1.1592741e+08 | M57: =(H56+I56+J56)*0.04 -> 13506106 | N57: =#REF!*0.04 -> #REF! | O57: =$D$37 -> 13680000 | P57: =M57+N57+O57 -> #REF! | R57: =P57/POWER(1+$B$12,5) -> #REF! | T57: =R57/$R$52*100 -> #REF! | U57: =U56+R57 -> #REF!
A58: 7 | B58: 65 | H58: =H57*(1+0.07)-H57*0.04 -> 1.1940523e+08 | I58: =I57*(1+0.07)-I57*0.04 -> 1.1940523e+08 | J58: =J57*(1+0.07)-J57*0.04 -> 1.1940523e+08 | M58: =(H57+I57+J57)*0.04 -> 13911289 | N58: =#REF!*0.04 -> #REF! | O58: =$D$37 -> 13680000 | P58: =M58+N58+O58 -> #REF! | R58: =P58/POWER(1+$B$12,6) -> #REF! | T58: =R58/$R$52*100 -> #REF! | U58: =U57+R58 -> #REF!
A59: 8 | B59: 66 | H59: =H58*(1+0.07)-H58*0.04 -> 1.2298739e+08 | I59: =I58*(1+0.07)-I58*0.04 -> 1.2298739e+08 | J59: =J58*(1+0.07)-J58*0.04 -> 1.2298739e+08 | M59: =(H58+I58+J58)*0.04 -> 14328628 | N59: =#REF!*0.04 -> #REF! | O59: =$D$37 -> 13680000 | P59: =M59+N59+O59 -> #REF! | R59: =P59/POWER(1+$B$12,7) -> #REF! | T59: =R59/$R$52*100 -> #REF! | U59: =U58+R59 -> #REF!
A60: 9 | B60: 67 | H60: =H59*(1+0.07)-H59*0.04 -> 1.2667701e+08 | I60: =I59*(1+0.07)-I59*0.04 -> 1.2667701e+08 | J60: =J59*(1+0.07)-J59*0.04 -> 1.2667701e+08 | M60: =(H59+I59+J59)*0.04 -> 14758486 | N60: =#REF!*0.04 -> #REF! | O60: =$D$37 -> 13680000 | P60: =M60+N60+O60 -> #REF! | R60: =P60/POWER(1+$B$12,8) -> #REF! | T60: =R60/$R$52*100 -> #REF! | U60: =U59+R60 -> #REF!
A61: 10 | B61: 68 | H61: =H60*(1+0.07)-H60*0.04 -> 1.3047732e+08 | I61: =I60*(1+0.07)-I60*0.04 -> 1.3047732e+08 | J61: =J60*(1+0.07)-J60*0.04 -> 1.3047732e+08 | M61: =(H60+I60+J60)*0.04 -> 15201241 | N61: =#REF!*0.04 -> #REF! | O61: =$D$37 -> 13680000 | P61: =M61+N61+O61 -> #REF! | R61: =P61/POWER(1+$B$12,9) -> #REF! | T61: =R61/$R$52*100 -> #REF! | U61: =U60+R61 -> #REF!
A62: 11 | B62: 69 | H62: =H61*(1+0.07)-H61*0.04 -> 1.3439164e+08 | I62: =I61*(1+0.07)-I61*0.04 -> 1.3439164e+08 | J62: =J61*(1+0.07)-J61*0.04 -> 1.3439164e+08 | M62: =(H61+I61+J61)*0.04 -> 15657278 | N62: =#REF!*0.04 -> #REF! | O62: =$D$37 -> 13680000 | P62: =M62+N62+O62 -> #REF! | R62: =P62/POWER(1+$B$12,10) -> #REF! | T62: =R62/$R$52*100 -> #REF! | U62: =U61+R62 -> #REF!
A63: 12 | B63: 70 | H63: =H62*(1+0.07)-H62*0.04 -> 1.3842339e+08 | I63: =I62*(1+0.07)-I62*0.04 -> 1.3842339e+08 | J63: =J62*(1+0.07)-J62*0.04 -> 1.3842339e+08 | M63: =(H62+I62+J62)*0.04 -> 16126997 | N63: =#REF!*0.04 -> #REF! | O63: =$D$37 -> 13680000 | P63: =M63+N63+O63 -> #REF! | R63: =P63/POWER(1+$B$12,11) -> #REF! | T63: =R63/$R$52*100 -> #REF! | U63: =U62+R63 -> #REF!
A64: 13 | B64: 71 | H64: =H63*(1+0.07)-H63*0.04 -> 1.4257609e+08 | I64: =I63*(1+0.07)-I63*0.04 -> 1.4257609e+08 | J64: =J63*(1+0.07)-J63*0.04 -> 1.4257609e+08 | M64: =(H63+I63+J63)*0.04 -> 16610806 | N64: =#REF!*0.04 -> #REF! | O64: =$D$37 -> 13680000 | P64: =M64+N64+O64 -> #REF! | R64: =P64/POWER(1+$B$12,12) -> #REF! | T64: =R64/$R$52*100 -> #REF! | U64: =U63+R64 -> #REF!
A65: 14 | B65: 72 | H65: =H64*(1+0.07)-H64*0.04 -> 1.4685337e+08 | I65: =I64*(1+0.07)-I64*0.04 -> 1.4685337e+08 | J65: =J64*(1+0.07)-J64*0.04 -> 1.4685337e+08 | M65: =(H64+I64+J64)*0.04 -> 17109131 | N65: =#REF!*0.04 -> #REF! | O65: =$D$37 -> 13680000 | P65: =M65+N65+O65 -> #REF! | R65: =P65/POWER(1+$B$12,13) -> #REF! | T65: =R65/$R$52*100 -> #REF! | U65: =U64+R65 -> #REF!
A66: 15 | B66: 73 | H66: =H65*(1+0.07)-H65*0.04 -> 1.5125897e+08 | I66: =I65*(1+0.07)-I65*0.04 -> 1.5125897e+08 | J66: =J65*(1+0.07)-J65*0.04 -> 1.5125897e+08 | M66: =(H65+I65+J65)*0.04 -> 17622405 | N66: =#REF!*0.04 -> #REF! | O66: =$D$37 -> 13680000 | P66: =M66+N66+O66 -> #REF! | R66: =P66/POWER(1+$B$12,14) -> #REF! | T66: =R66/$R$52*100 -> #REF! | U66: =U65+R66 -> #REF!
A67: 16 | B67: 74 | H67: =H66*(1+0.07)-H66*0.04 -> 1.5579674e+08 | I67: =I66*(1+0.07)-I66*0.04 -> 1.5579674e+08 | J67: =J66*(1+0.07)-J66*0.04 -> 1.5579674e+08 | M67: =(H66+I66+J66)*0.04 -> 18151077 | N67: =#REF!*0.04 -> #REF! | O67: =$D$37 -> 13680000 | P67: =M67+N67+O67 -> #REF! | R67: =P67/POWER(1+$B$12,15) -> #REF! | T67: =R67/$R$52*100 -> #REF! | U67: =U66+R67 -> #REF!
A68: 17 | B68: 75 | H68: =H67*(1+0.07)-H67*0.04 -> 1.6047064e+08 | I68: =I67*(1+0.07)-I67*0.04 -> 1.6047064e+08 | J68: =J67*(1+0.07)-J67*0.04 -> 1.6047064e+08 | M68: =(H67+I67+J67)*0.04 -> 18695609 | N68: =#REF!*0.04 -> #REF! | O68: =$D$37 -> 13680000 | P68: =M68+N68+O68 -> #REF! | R68: =P68/POWER(1+$B$12,16) -> #REF! | T68: =R68/$R$52*100 -> #REF! | U68: =U67+R68 -> #REF!
A69: 18 | B69: 76 | H69: =H68*(1+0.07)-H68*0.04 -> 1.6528476e+08 | I69: =I68*(1+0.07)-I68*0.04 -> 1.6528476e+08 | J69: =J68*(1+0.07)-J68*0.04 -> 1.6528476e+08 | M69: =(H68+I68+J68)*0.04 -> 19256477 | N69: =#REF!*0.04 -> #REF! | O69: =$D$37 -> 13680000 | P69: =M69+N69+O69 -> #REF! | R69: =P69/POWER(1+$B$12,17) -> #REF! | T69: =R69/$R$52*100 -> #REF! | U69: =U68+R69 -> #REF!
A70: 19 | B70: 77 | H70: =H69*(1+0.07)-H69*0.04 -> 1.7024331e+08 | I70: =I69*(1+0.07)-I69*0.04 -> 1.7024331e+08 | J70: =J69*(1+0.07)-J69*0.04 -> 1.7024331e+08 | M70: =(H69+I69+J69)*0.04 -> 19834172 | N70: =#REF!*0.04 -> #REF! | O70: =$D$37 -> 13680000 | P70: =M70+N70+O70 -> #REF! | R70: =P70/POWER(1+$B$12,18) -> #REF! | T70: =R70/$R$52*100 -> #REF! | U70: =U69+R70 -> #REF!
A71: 20 | B71: 78 | H71: =H70*(1+0.07)-H70*0.04 -> 1.7535061e+08 | I71: =I70*(1+0.07)-I70*0.04 -> 1.7535061e+08 | J71: =J70*(1+0.07)-J70*0.04 -> 1.7535061e+08 | M71: =(H70+I70+J70)*0.04 -> 20429197 | N71: =#REF!*0.04 -> #REF! | O71: =$D$37 -> 13680000 | P71: =M71+N71+O71 -> #REF! | R71: =P71/POWER(1+$B$12,19) -> #REF! | T71: =R71/$R$52*100 -> #REF! | U71: =U70+R71 -> #REF!
A72: 21 | B72: 79 | H72: =H71*(1+0.07)-H71*0.04 -> 1.8061112e+08 | I72: =I71*(1+0.07)-I71*0.04 -> 1.8061112e+08 | J72: =J71*(1+0.07)-J71*0.04 -> 1.8061112e+08 | M72: =(H71+I71+J71)*0.04 -> 21042073 | N72: =#REF!*0.04 -> #REF! | O72: =$D$37 -> 13680000 | P72: =M72+N72+O72 -> #REF! | R72: =P72/POWER(1+$B$12,20) -> #REF! | T72: =R72/$R$52*100 -> #REF! | U72: =U71+R72 -> #REF!
A73: 22 | B73: 80 | H73: =H72*(1+0.07)-H72*0.04 -> 1.8602946e+08 | I73: =I72*(1+0.07)-I72*0.04 -> 1.8602946e+08 | J73: =J72*(1+0.07)-J72*0.04 -> 1.8602946e+08 | M73: =(H72+I72+J72)*0.04 -> 21673335 | N73: =#REF!*0.04 -> #REF! | O73: =$D$37 -> 13680000 | P73: =M73+N73+O73 -> #REF! | R73: =P73/POWER(1+$B$12,21) -> #REF! | T73: =R73/$R$52*100 -> #REF! | U73: =U72+R73 -> #REF!
A74: 23 | B74: 81 | H74: =H73*(1+0.07)-H73*0.04 -> 1.9161034e+08 | I74: =I73*(1+0.07)-I73*0.04 -> 1.9161034e+08 | J74: =J73*(1+0.07)-J73*0.04 -> 1.9161034e+08 | M74: =(H73+I73+J73)*0.04 -> 22323535 | N74: =#REF!*0.04 -> #REF! | O74: =$D$37 -> 13680000 | P74: =M74+N74+O74 -> #REF! | R74: =P74/POWER(1+$B$12,22) -> #REF! | T74: =R74/$R$52*100 -> #REF! | U74: =U73+R74 -> #REF!
A75: 24 | B75: 82 | H75: =H74*(1+0.07)-H74*0.04 -> 1.9735865e+08 | I75: =I74*(1+0.07)-I74*0.04 -> 1.9735865e+08 | J75: =J74*(1+0.07)-J74*0.04 -> 1.9735865e+08 | M75: =(H74+I74+J74)*0.04 -> 22993241 | N75: =#REF!*0.04 -> #REF! | O75: =$D$37 -> 13680000 | P75: =M75+N75+O75 -> #REF! | R75: =P75/POWER(1+$B$12,23) -> #REF! | T75: =R75/$R$52*100 -> #REF! | U75: =U74+R75 -> #REF!
A76: 25 | B76: 83 | H76: =H75*(1+0.07)-H75*0.04 -> 2.0327941e+08 | I76: =I75*(1+0.07)-I75*0.04 -> 2.0327941e+08 | J76: =J75*(1+0.07)-J75*0.04 -> 2.0327941e+08 | M76: =(H75+I75+J75)*0.04 -> 23683038 | N76: =#REF!*0.04 -> #REF! | O76: =$D$37 -> 13680000 | P76: =M76+N76+O76 -> #REF! | R76: =P76/POWER(1+$B$12,24) -> #REF! | T76: =R76/$R$52*100 -> #REF! | U76: =U75+R76 -> #REF!
A77: 25년 합계 | P77: =SUM(P52:P76) -> #REF! | R77: =SUM(R52:R76) -> #REF! | U77: =U76 -> #REF!
I78: =6000000+3000000 -> 9000000 | J78: 윤숙 계좌에서 | L78: 20000000
A79: ■ 시나리오 2: 65세 정상 국민연금 - 연도별 상세
A80: 연차 | B80: 나이 | C80: 공격투자총액 | D80: KR | E80: Global | F80: Alternative | G80: Crypto | H80: 변액보험잔액 | I80: 사적저축잔액 | J80: 퇴직연금잔액 | K80: ISA본인 | L80: ISA배우자 | M80: 사적연금수령 | N80: ISA수령 | O80: 국민연금 | P80: 연금ISA수령액(명목) | Q80: 부족 생활자금 | R80: 총수령액(실질) | S80: 비고 | T80: 구매력지수 | U80: 누적실질총액 | V80: 아이들 증여 | W80: 주택금액 | X80: 저축 | Y80: 청약저축 | Z80: 자산합계 | AA80: 주택가격 | AB80: 750000000
A81: -6 | B81: 52 | C81: =D81+E81+F81+G81 -> 891384748 | D81: 514753229 | E81: 228537719 | F81: 49597939 | G81: 98495861 | H81: 73000000 | I81: 27257887 | J81: 58527425 | K81: 0 | L81: 0 | W81: 550000000 | X81: 208000000 | Y81: 17500000 | Z81: =Y81+X81+W81+L81+J81+I81+H81+C81+K81 -> 1825670060 | AA81: 윤저축 | AB81: -110000000
A82: -5 | B82: 2026. 53 | C82: =D82+E82+F82 -> 1.1354334e+09 | D82: =645307213*(1+$B$40/2) -> 6.9047872e+08 | E82: =275351063*(1+$B$41/2) -> 2.9187213e+08 | F82: =146490514*(1+$D$40/2) -> 1.5308259e+08 | H82: 102000000 | I82: 60000000 | J82: 90000000 | K82: 54000000 | L82: =40000000*(1+$B$10) -> 43600000 | V82: 80000000 | W82: 550000000 | X82: 110000000 | Y82: 17500000 | Z82: =Y82+X82+W82+L82+J82+I82+H82+C82+K82 -> 2.1625334e+09 | AA82: 청약저축 | AB82: =-Y84 -> -17500000 | AC82: =Z82/Z81-1 -> 0.18451492
A83: -4 | B83: 54 | C83: =D83+E83+F83+G83 -> 1.2809025e+09 | D83: =D82*(1+$B$40) -> 7.8714574e+08 | E83: =E82*(1+$B$41) -> 3.2689678e+08 | F83: =F82*(1+$D$40) -> 1.6686002e+08 | H83: =H82*(1+C$26) -> 109140000 | I83: =(I82+18000000)*(1+C$27) -> 83460000 | J83: =(J82+11000000)*(1+$C$27) -> 108070000 | K83: =(K82+20000000)*(1+$B$10) -> 80660000 | L83: =(L82+20000000)*(1+$B$10) -> 69324000 | V83: =V82*(1+F$40) -> 94400000 | W83: 550000000 | X83: 110000000 | Y83: 17500000 | Z83: =Y83+X83+W83+L83+J83+I83+H83+C83+K83+V83 -> 2.5034565e+09 | AA83: 전세자금 | AB83: -550000000 | AC83: =Z83/Z82-1 -> 0.15764987
A84: -3 | B84: 55 | C84: =D84+E84+F84+G84 -> 1.445348e+09 | D84: =D83*(1+$B$40) -> 8.9734614e+08 | E84: =E83*(1+$B$41) -> 3.661244e+08 | F84: =F83*(1+$D$40) -> 1.8187742e+08 | H84: =H83*(1+C$26) -> 116779800 | I84: =(I83+18000000)*(1+C$27) -> 108562200 | J84: =(J83+11000000)*(1+$C$27) -> 127404900 | K84: =(K83+20000000)*(1+$B$10) -> 1.097194e+08 | L84: =(L83+20000000)*(1+$B$10) -> 97363160 | V84: =V83*(1+F$40) -> 111392000 | W84: 550000000 | X84: 110000000 | Y84: 17500000 | Z84: =Y84+X84+W84+L84+J84+I84+H84+C84+K84+V84 -> 2.7940694e+09 | AA84: 대출 | AB84: -100000000 | AC84: =Z84/Z83-1 -> 0.11608465
A85: -2 | B85: 56 | C85: =D85+E85+F85+G85 -> 1.6312803e+09 | D85: =D84*(1+$B$40) -> 1.0229746e+09 | E85: =E84*(1+$B$41) -> 4.1005932e+08 | F85: =F84*(1+$D$40) -> 1.9824639e+08 | H85: =H84*(1+C$26) -> 124954386 | I85: =(I84+18000000)*(1+C$27) -> 135421554 | J85: =(J84+11000000)*(1+$C$27) -> 148093243 | K85: =(K84+20000000)*(1+$B$10) -> 1.4139415e+08 | L85: =(L84+20000000)*(1+$B$10) -> 1.2792584e+08 | V85: =V84*(1+F$40) -> 131442560 | W85: 550000000 | X85: 110000000 | Y85: 17500000 | Z85: =Y85+X85+W85+L85+J85+I85+H85+C85+K85+V85 -> 3.118012e+09 | AA85: US투자금 | AC85: =Z85/Z84-1 -> 0.11593936
A86: -1 | B86: 2030. 57 | C86: =D86+E86+F86+G86 -> 1.8415461e+09 | D86: =D85*(1+$B$40) -> 1.166191e+09 | E86: =E85*(1+$B$41) -> 4.5926644e+08 | F86: =F85*(1+$D$40) -> 2.1608856e+08 | H86: =H85*(1+C$26) -> 1.3370119e+08 | I86: =(I85+18000000)*(1+C$27) -> 1.6416106e+08 | J86: =(J85+11000000)*(1+$C$27) -> 1.7022977e+08 | K86: =K85*(1+$B$10) -> 1.5411962e+08 | L86: =L85*(1+$B$10) -> 1.3943917e+08 | V86: =V85*(1+F$40) -> 1.5510222e+08 | W86: 750000000 | X86: -100000000 | Y86: 0 | Z86: =Y86+X86+W86+L86+J86+I86+H86+C86+K86+V86 -> 3.4082991e+09 | AA86: CR투자금 | AC86: =Z86/Z85-1 -> 0.093100038
A87: 0 | B87: 58 | C87: =D87+E87+F87+G87 -> 1.9993727e+09 | D87: =D86*(1+$B$40)-80000000 -> 1.2494578e+09 | E87: =E86*(1+$B$41) -> 5.1437842e+08 | F87: =F86*(1+$D$40) -> 2.3553654e+08 | H87: =H86*(1+C$26) -> 1.4306028e+08 | I87: =I86*(1+C$27) -> 1.7565234e+08 | J87: =J86*(1+$C$27) -> 1.8214585e+08 | K87: =(K86)*(1+$B$10) -> 1.6799038e+08 | L87: =(L86)*(1+$B$10) -> 1.519887e+08 | Q87: 40000000 | R87: =8500000*12+40000000 -> 142000000 | S87: 희망퇴직금+실업급여 | V87: =V86*(1+F$40)+40000000 -> 2.2302062e+08 | W87: =W86 -> 750000000 | X87: -100000000 | Y87: 0 | Z87: =Y87+X87+W87+L87+J87+I87+H87+C87+K87+V87 -> 3.6932309e+09 | AA87: 희망퇴직+실업급여 | AB87: =AB80+SUM(AB81:AB86) -> -27500000 | AC87: =Z87/Z86-1 -> 0.083599419
A88: 1 | B88: 2032.59 | C88: =D88+E88+F88+G88 -> 2.2172205e+09 | D88: =D87*(1+$B$40)-40000000 -> 1.3843819e+09 | E88: =E87*(1+$B$41) -> 5.7610383e+08 | F88: =F87*(1+$D$40) -> 2.5673482e+08 | H88: =H87*(1+(C$26-D$26)) -> 1.4663678e+08 | I88: =I87*(1+(C$26-D$26)) -> 1.8004365e+08 | J88: =J87*(1+(C$26-D$26)) -> 1.866995e+08 | K88: =(K87)*(1+($B$10-$B$11)) -> 1.6967029e+08 | L88: =(L87)*(1+($B$10-$B$11)) -> 1.5350858e+08 | M88: =(H87+I87+J87)*D$26 -> 22538631 | N88: =(K87+L87)*$D$31 -> 25598326 | P88: =M88+N88 -> 48136957 | Q88: 40000000 | R88: =8500000*12+40000000 -> 142000000 | S88: 희망퇴직+실업급여+연금 | T88: =R88/$R$88*100 -> 100 | U88: =R88 -> 142000000 | V88: =V87*(1+F$40) -> 2.6316433e+08 | W88: =W87 -> 750000000 | X88: -100000000 | Y88: 0 | Z88: =Y88+X88+W88+L88+J88+I88+H88+C88+K88+V88 -> 3.9669437e+09 | AA88: 희망퇴직+실업급여 잔여 일부 0.4억
A89: 2 | B89: 60 | C89: =D89+E89+F89+G89 -> 1.9172726e+09 | D89: =D88*(1+$B$40)-500000000 -> 1.0781953e+09 | E89: =E88*(1+$B$41)-70000000 -> 5.7523628e+08 | F89: =F88*(1+$D$40)-16000000 -> 2.6384096e+08 | H89: =H88*(1+(C$26-D$26)) -> 1.503027e+08 | I89: =I88*(1+(C$26-D$26)) -> 1.8454474e+08 | J89: =J88*(1+(C$26-D$26)) -> 1.9136699e+08 | K89: =(K88)*(1+($B$10-$B$11)) -> 1.7136699e+08 | L89: =(L88)*(1+($B$10-$B$11)) -> 1.5504367e+08 | M89: =(H88+I88+J88)*D$26 -> 23102097 | N89: =(K88+L88)*$D$32 -> 25854310 | P89: =M89+N89+O89 -> 48956407 | Q89: 86000000 | R89: =P89/POWER(1+$B$12,1)+Q89 -> 1.3376235e+08 | T89: =R89/$R$88*100 -> 94.198837 | U89: =U88+R89 -> 2.7576235e+08 | V89: =V88*(1+F$40)+410000000 -> 7.2053391e+08 | W89: =W88 -> 750000000 | X89: -100000000 | Y89: 0 | Z89: =Y89+X89+W89+L89+J89+I89+H89+C89+K89+V89 -> 4.1404316e+09 | AA89: 5억 중여 | AB89: =100000000+Q89 -> 186000000 | AC89: 증여세 0.9억
A90: 3 | B90: 61 | C90: =D90+E90+F90+G90 -> 2.070994e+09 | D90: =D89*(1+$B$40)-90000000 -> 1.1391427e+09 | E90: =E89*(1+$B$41) -> 6.4426464e+08 | F90: =F89*(1+$D$40) -> 2.8758664e+08 | H90: =H89*(1+(C$26-D$26)) -> 1.5406027e+08 | I90: =I89*(1+(C$26-D$26)) -> 1.8915836e+08 | J90: =J89*(1+(C$26-D$26)) -> 1.9615116e+08 | K90: =(K89)*(1+($B$10-$B$11)) -> 1.7308066e+08 | L90: =(L89)*(1+($B$10-$B$11)) -> 1.5659411e+08 | M90: =(H89+I89+J89)*D$26 -> 23679649 | N90: =(K89+L89)*$D$32 -> 26112853 | P90: =M90+N90+O90 -> 49792502 | Q90: 90000000 | R90: =P90/POWER(1+$B$12,2)+Q90 -> 1.3739322e+08 | T90: =R90/$R$88*100 -> 96.755789 | U90: =U89+R90 -> 4.1315557e+08 | V90: =V89*(1+F$40) -> 8.5023002e+08 | W90: =W89 -> 750000000 | X90: -100000000 | Y90: 0 | Z90: =Y90+X90+W90+L90+J90+I90+H90+C90+K90+V90 -> 4.4402685e+09
A91: 4 | B91: 62 | C91: =D91+E91+F91+G91 -> 2.2396685e+09 | D91: =D90*(1+$B$40)-94000000 -> 1.2046227e+09 | E91: =E90*(1+$B$41) -> 7.2157639e+08 | F91: =F90*(1+$D$40) -> 3.1346944e+08 | H91: =H90*(1+(C$26-D$26)) -> 1.5791178e+08 | I91: =I90*(1+(C$26-D$26)) -> 1.9388731e+08 | J91: =J90*(1+(C$26-D$26)) -> 2.0105494e+08 | K91: =(K90)*(1+($B$10-$B$11)) -> 1.7481147e+08 | L91: =(L90)*(1+($B$10-$B$11)) -> 1.5816005e+08 | M91: =(H90+I90+J90)*D$26 -> 24271640 | N91: =(K90+L90)*$D$32 -> 26373981 | P91: =M91+N91+O91 -> 50645622 | Q91: 94000000 | R91: =P91/POWER(1+$B$12,3)+Q91 -> 1.4102949e+08 | T91: =R91/$R$88*100 -> 99.316545 | U91: =U90+R91 -> 5.5418506e+08 | V91: =V90*(1+F$40) -> 1.0032714e+09 | W91: =W90 -> 750000000 | X91: -100000000 | Y91: 0 | Z91: =Y91+X91+W91+L91+J91+I91+H91+C91+K91+V91 -> 4.7787655e+09
A92: 5 | B92: 63 | C92: =D92+E92+F92+G92 -> 2.4491171e+09 | D92: =D91*(1+$B$40)-74000000 -> 1.2992698e+09 | E92: =E91*(1+$B$41) -> 8.0816556e+08 | F92: =F91*(1+$D$40) -> 3.4168169e+08 | H92: =H91*(1+(C$26-D$26)) -> 1.6185957e+08 | I92: =I91*(1+(C$26-D$26)) -> 1.987345e+08 | J92: =J91*(1+(C$26-D$26)) -> 2.0608132e+08 | K92: =(K91)*(1+($B$10-$B$11)) -> 1.7655958e+08 | L92: =(L91)*(1+($B$10-$B$11)) -> 1.5974165e+08 | M92: =(H91+I91+J91)*D$26 -> 24878431 | N92: =(K91+L91)*$D$32 -> 26637721 | O92: =E39*(1+(B12*5)) -> 25596000 | P92: =M92+N92+O92 -> 77112153 | Q92: 74000000 | R92: =P92/POWER(1+$B$12,4)+Q92 -> 1.438598e+08 | T92: =R92/$R$88*100 -> 101.30972 | U92: =U91+R92 -> 6.9804487e+08 | V92: =V91*(1+F$40) -> 1.1838603e+09 | W92: =W91 -> 750000000 | X92: -100000000 | Y92: 0 | Z92: =Y92+X92+W92+L92+J92+I92+H92+C92+K92+V92 -> 5.185954e+09
A93: 6 | B93: 64 | C93: =D93+E93+F93+G93 -> 2.6817461e+09 | D93: =D92*(1+$B$40)-77000000 -> 1.4041676e+09 | E93: =E92*(1+$B$41) -> 9.0514543e+08 | F93: =F92*(1+$D$40) -> 3.7243304e+08 | H93: =H92*(1+(C$26-D$26)) -> 1.6590606e+08 | I93: =I92*(1+(C$26-D$26)) -> 2.0370286e+08 | J93: =J92*(1+(C$26-D$26)) -> 2.1123335e+08 | K93: =(K92)*(1+($B$10-$B$11)) -> 1.7832518e+08 | L93: =(L92)*(1+($B$10-$B$11)) -> 1.6133906e+08 | M93: =(H92+I92+J92)*D$26 -> 25500392 | N93: =(K92+L92)*$D$32 -> 26904098 | O93: =O92*(1+B$12) -> 26235900 | P93: =M93+N93+O93 -> 78640391 | Q93: 77000000 | R93: =P93/POWER(1+$B$12,5)+Q93 -> 1.4650665e+08 | T93: =R93/$R$88*100 -> 103.17369 | U93: =U92+R93 -> 8.4455151e+08 | V93: =V92*(1+F$40) -> 1.3969551e+09 | W93: =W92 -> 750000000 | X93: -100000000 | Y93: 0 | Z93: =Y93+X93+W93+L93+J93+I93+H93+C93+K93+V93 -> 5.6492077e+09
A94: 7 | B94: 2038. 65 | C94: =D94+E94+F94+G94 -> 2.944466e+09 | D94: =D93*(1+$B$40)-76000000 -> 1.5247511e+09 | E94: =E93*(1+$B$41) -> 1.0137629e+09 | F94: =F93*(1+$D$40) -> 4.0595202e+08 | H94: =H93*(1+(C$26-D$26)) -> 1.7005371e+08 | I94: =I93*(1+(C$26-D$26)) -> 2.0879543e+08 | J94: =J93*(1+(C$26-D$26)) -> 2.1651418e+08 | K94: =(K93)*(1+($B$10-$B$11)) -> 1.8010843e+08 | L94: =(L93)*(1+($B$10-$B$11)) -> 1.6295245e+08 | M94: =(H93+I93+J93)*D$26 -> 26137902 | N94: =(K93+L93)*$D$32 -> 27173139 | O94: =O93*(1+B$12) -> 26891797 | P94: =M94+N94+O94 -> 80202839 | Q94: 76000000 | R94: =P94/POWER(1+$B$12,6)+Q94 -> 1.4515866e+08 | T94: =R94/$R$88*100 -> 102.22441 | U94: =U93+R94 -> 9.8971017e+08 | V94: =V93*(1+F$40) -> 1.648407e+09 | W94: =W93 -> 750000000 | X94: -100000000 | Y94: 0 | Z94: =Y94+X94+W94+L94+J94+I94+H94+C94+K94+V94 -> 6.1812972e+09
A95: 8 | B95: 66 | C95: =D95+E95+F95+G95 -> 2.7531184e+09 | D95: =D94*(1+$B$40)-463000000 -> 1.2752162e+09 | E95: =E94*(1+$B$41)-100000000 -> 1.0354144e+09 | F95: =F94*(1+$D$40) -> 4.424877e+08 | H95: =H94*(1+(C$26-D$26)) -> 1.7430506e+08 | I95: =I94*(1+(C$26-D$26)) -> 2.1401532e+08 | J95: =J94*(1+(C$26-D$26)) -> 2.2192704e+08 | K95: =(K94)*(1+($B$10-$B$11)) -> 1.8190951e+08 | L95: =(L94)*(1+($B$10-$B$11)) -> 1.6458198e+08 | M95: =(H94+I94+J94)*D$26 -> 26791350 | N95: =(K94+L94)*$D$32 -> 27444871 | O95: =O94*(1+B$12) -> 27564092 | P95: =M95+N95+O95 -> 81800313 | Q95: 55000000 | R95: =P95/POWER(1+$B$12,7)+Q95 -> 1.2381576e+08 | T95: =R95/$R$88*100 -> 87.194197 | U95: =U94+R95 -> 1.1135259e+09 | V95: =V94*(1+F$40)+410000000 -> 2.3551203e+09 | W95: =W94 -> 750000000 | X95: -100000000 | Y95: 0 | Z95: =Y95+X95+W95+L95+J95+I95+H95+C95+K95+V95 -> 6.7149776e+09 | AA95: 5억
A96: 9 | B96: 67 | C96: =D96+E96+F96+G96 -> 3.0367223e+09 | D96: =D95*(1+$B$40)-59000000 -> 1.3947465e+09 | E96: =E95*(1+$B$41) -> 1.1596642e+09 | F96: =F95*(1+$D$40) -> 4.8231159e+08 | H96: =H95*(1+(C$26-D$26)) -> 1.7866268e+08 | I96: =I95*(1+(C$26-D$26)) -> 2.193657e+08 | J96: =J95*(1+(C$26-D$26)) -> 2.2747521e+08 | K96: =(K95)*(1+($B$10-$B$11)) -> 1.8372861e+08 | L96: =(L95)*(1+($B$10-$B$11)) -> 1.662278e+08 | M96: =(H95+I95+J95)*D$26 -> 27461133 | N96: =(K95+L95)*$D$32 -> 27719319 | O96: =O95*(1+B$12) -> 28253195 | P96: =M96+N96+O96 -> 83433648 | Q96: 59000000 | R96: =P96/POWER(1+$B$12,8)+Q96 -> 1.2747788e+08 | T96: =R96/$R$88*100 -> 89.773155 | U96: =U95+R96 -> 1.2410038e+09 | V96: =V95*(1+F$40) -> 2.779042e+09 | W96: =W95 -> 750000000 | X96: -100000000 | Y96: 0 | Z96: =Y96+X96+W96+L96+J96+I96+H96+C96+K96+V96 -> 7.4412242e+09
A97: 10 | B97: 68 | C97: =D97+E97+F97+G97 -> 3.3525545e+09 | D97: =D96*(1+$B$40)-62000000 -> 1.528011e+09 | E97: =E96*(1+$B$41) -> 1.2988239e+09 | F97: =F96*(1+$D$40) -> 5.2571964e+08 | H97: =H96*(1+(C$26-D$26)) -> 1.8312925e+08 | I97: =I96*(1+(C$26-D$26)) -> 2.2484984e+08 | J97: =J96*(1+(C$26-D$26)) -> 2.3316209e+08 | K97: =(K96)*(1+($B$10-$B$11)) -> 1.855659e+08 | L97: =(L96)*(1+($B$10-$B$11)) -> 1.6789008e+08 | M97: =(H96+I96+J96)*D$26 -> 28147662 | N97: =(K96+L96)*$D$32 -> 27996513 | O97: =O96*(1+B$12) -> 28959525 | P97: =M97+N97+O97 -> 85103699 | Q97: 62000000 | R97: =P97/POWER(1+$B$12,9)+Q97 -> 1.3014495e+08 | T97: =R97/$R$88*100 -> 91.65137 | U97: =U96+R97 -> 1.3711488e+09 | V97: =V96*(1+F$40) -> 3.2792695e+09 | W97: =W96 -> 750000000 | X97: -100000000 | Y97: 0 | Z97: =Y97+X97+W97+L97+J97+I97+H97+C97+K97+V97 -> 8.2764212e+09
A98: 11 | B98: 2042. 69 | C98: =D98+E98+F98+G98 -> 3.2056497e+09 | D98: =D97*(1+$B$40)-564000000 -> 1.1779326e+09 | E98: =E97*(1+$B$41) -> 1.4546827e+09 | F98: =F97*(1+$D$40) -> 5.730344e+08 | H98: =H97*(1+(C$26-D$26)) -> 1.8770748e+08 | I98: =I97*(1+(C$26-D$26)) -> 2.3047109e+08 | J98: =J97*(1+(C$26-D$26)) -> 2.3899114e+08 | K98: =(K97)*(1+($B$10-$B$11)) -> 1.8742155e+08 | L98: =(L97)*(1+($B$10-$B$11)) -> 1.6956898e+08 | M98: =(H97+I97+J97)*D$26 -> 28851353 | N98: =(K97+L97)*$D$32 -> 28276478 | O98: =O97*(1+B$12) -> 29683513 | P98: =M98+N98+O98 -> 86811344 | Q98: 64000000 | R98: =P98/POWER(1+$B$12,10)+Q98 -> 1.3181688e+08 | T98: =R98/$R$88*100 -> 92.828791 | U98: =U97+R98 -> 1.5029656e+09 | V98: =V97*(1+F$40)+410000000 -> 4.279538e+09 | W98: =W97 -> 750000000 | X98: -100000000 | Y98: 0 | Z98: =Y98+X98+W98+L98+J98+I98+H98+C98+K98+V98 -> 9.149348e+09
A99: 12 | B99: 70 | C99: =D99+E99+F99+G99 -> 2.985515e+09 | D99: =((C98-$Q99-500000000)*47%)*(1+B$40) -> 1.4255761e+09 | E99: =((C98-$Q99-500000000))*36%*(1+B$41) -> 1.072774e+09 | F99: =((C98-$Q99-500000000))*6%*(1+D$40) -> 1.7400649e+08 | G99: =((C98-$Q99-500000000))*11%*(1+D$41) -> 3.1315847e+08 | H99: =H98*(1+C$27)-H98*D$27 -> 1.9240017e+08 | I99: =I98*(1+C$27)-I98*D$27 -> 2.3623287e+08 | J99: =J98*(1+C$27)-J98*D$27 -> 2.4496592e+08 | K99: =K98*(1+$C$31)-K98*$D$31 -> 1.8929577e+08 | L99: =L98*(1+C$31)-L98*D$31 -> 1.7126467e+08 | M99: =(H99+I99+J99)*(D$27*(1-5.5%)) -> 28644796 | N99: =(K99+L99)*D$26*(1-9.9%) -> 14618923 | O99: =O98*(1+B$12) -> 30425601 | P99: =M99+N99+O99 -> 73689319 | Q99: 45000000 | R99: =P99/POWER(1+$B$12,11)+Q99 -> 1.0116193e+08 | T99: =R99/$R$88*100 -> 71.240796 | U99: =U98+R99 -> 1.6041276e+09 | V99: =V98*(1+F$40) -> 5.0498549e+09 | W99: =W98 -> 750000000 | X99: -100000000 | Y99: 0 | Z99: =Y99+X99+W99+L99+J99+I99+H99+C99+K99+V99 -> 9.7195293e+09 | AA99: 5억 | AB99: 증여세 0.9억
A100: 13 | B100: 71 | C100: =D100+E100+F100+G100 -> 3.2984298e+09 | D100: =((C99-$Q100)*47%)*(1+B$40) -> 1.5749922e+09 | E100: =((C99-$Q100))*36%*(1+B$41) -> 1.1852125e+09 | F100: =((C99-$Q100))*6%*(1+D$40) -> 1.9224428e+08 | G100: =((C99-$Q100))*11%*(1+D$41) -> 3.4598092e+08 | H100: =H99*(1+C$27)-H99*D$27 -> 1.9721017e+08 | I100: =I99*(1+C$27)-I99*D$27 -> 2.4213869e+08 | J100: =J99*(1+C$27)-J99*D$27 -> 2.5109007e+08 | K100: =K99*(1+$C$31)-K99*$D$31 -> 1.9118873e+08 | L100: =L99*(1+C$31)-L99*D$31 -> 1.7297731e+08 | M100: =(H100+I100+J100)*(D$27*(1-5.5%)) -> 29360915 | N100: =(K100+L100)*D$26*(1-9.9%) -> 14765112 | O100: =O99*(1+B$12) -> 31186241 | P100: =M100+N100+O100 -> 75312268 | Q100: 46000000 | R100: =P100/POWER(1+$B$12,12)+Q100 -> 1.0199888e+08 | T100: =R100/$R$88*100 -> 71.830197 | U100: =U99+R100 -> 1.7061264e+09 | V100: =V99*(1+F$40) -> 5.9588288e+09 | W100: =W99 -> 750000000 | X100: -100000000 | Y100: 0 | Z100: =Y100+X100+W100+L100+J100+I100+H100+C100+K100+V100 -> 1.0961864e+10
A101: 14 | B101: 72 | C101: =D101+E101+F101+G101 -> 3.6495515e+09 | D101: =((C100-$Q101)*47%)*(1+B$40) -> 1.7426519e+09 | E101: =((C100-$Q101))*36%*(1+B$41) -> 1.3113797e+09 | F101: =((C100-$Q101))*6%*(1+D$40) -> 2.1270891e+08 | G101: =((C100-$Q101))*11%*(1+D$41) -> 3.8281099e+08 | H101: =H100*(1+C$27)-H100*D$27 -> 2.0214043e+08 | I101: =I100*(1+C$27)-I100*D$27 -> 2.4819215e+08 | J101: =J100*(1+C$27)-J100*D$27 -> 2.5736732e+08 | K101: =K100*(1+$C$31)-K100*$D$31 -> 1.9310062e+08 | L101: =L100*(1+C$31)-L100*D$31 -> 1.7470709e+08 | M101: =(H101+I101+J101)*(D$27*(1-5.5%)) -> 30094938 | N101: =(K101+L101)*D$26*(1-9.9%) -> 14912763 | O101: =O100*(1+B$12) -> 31965897 | P101: =M101+N101+O101 -> 76973598 | Q101: 46000000 | R101: =P101/POWER(1+$B$12,13)+Q101 -> 1.0183822e+08 | T101: =R101/$R$88*100 -> 71.717054 | U101: =U100+R101 -> 1.8079647e+09 | V101: =V100*(1+F$40) -> 7.0314179e+09 | W101: =W100 -> 750000000 | X101: -100000000 | Y101: 0 | Z101: =Y101+X101+W101+L101+J101+I101+H101+C101+K101+V101 -> 1.2406477e+10
A102: 15 | B102: 73 | C102: =D102+E102+F102+G102 -> 4.0435451e+09 | D102: =((C101-$Q102)*47%)*(1+B$40) -> 1.9307829e+09 | E102: =((C101-$Q102))*36%*(1+B$41) -> 1.452952e+09 | F102: =((C101-$Q102))*6%*(1+D$40) -> 2.3567227e+08 | G102: =((C101-$Q102))*11%*(1+D$41) -> 4.2413801e+08 | H102: =H101*(1+C$27)-H101*D$27 -> 2.0719394e+08 | I102: =I101*(1+C$27)-I101*D$27 -> 2.5439696e+08 | J102: =J101*(1+C$27)-J101*D$27 -> 2.6380151e+08 | K102: =K101*(1+$C$31)-K101*$D$31 -> 1.9503162e+08 | L102: =L101*(1+C$31)-L101*D$31 -> 1.7645416e+08 | M102: =(H102+I102+J102)*(D$27*(1-5.5%)) -> 30847312 | N102: =(K102+L102)*D$26*(1-9.9%) -> 15061891 | O102: =O101*(1+B$12) -> 32765044 | P102: =M102+N102+O102 -> 78674247 | Q102: 46000000 | R102: =P102/POWER(1+$B$12,14)+Q102 -> 1.016799e+08 | T102: =R102/$R$88*100 -> 71.605566 | U102: =U101+R102 -> 1.9096446e+09 | V102: =V101*(1+F$40) -> 8.2970732e+09 | W102: =W101 -> 750000000 | X102: -100000000 | Y102: 0 | Z102: =Y102+X102+W102+L102+J102+I102+H102+C102+K102+V102 -> 1.4087496e+10
A103: 16 | B103: 74 | C103: =D103+E103+F103+G103 -> 4.4845233e+09 | D103: =((C102-$Q103)*47%)*(1+B$40) -> 2.1413489e+09 | E103: =((C102-$Q103))*36%*(1+B$41) -> 1.611407e+09 | F103: =((C102-$Q103))*6%*(1+D$40) -> 2.6137405e+08 | G103: =((C102-$Q103))*11%*(1+D$41) -> 4.7039336e+08 | H103: =H102*(1+C$27)-H102*D$27 -> 2.1237378e+08 | I103: =I102*(1+C$27)-I102*D$27 -> 2.6075688e+08 | J103: =J102*(1+C$27)-J102*D$27 -> 2.7039654e+08 | K103: =K102*(1+$C$31)-K102*$D$31 -> 1.9698194e+08 | L103: =L102*(1+C$31)-L102*D$31 -> 1.782187e+08 | M103: =(H103+I103+J103)*(D$27*(1-5.5%)) -> 31618495 | N103: =(K103+L103)*D$26*(1-9.9%) -> 15212510 | O103: =O102*(1+B$12) -> 33584170 | P103: =M103+N103+O103 -> 80415175 | Q103: 47000000 | R103: =P103/POWER(1+$B$12,15)+Q103 -> 1.0252391e+08 | T103: =R103/$R$88*100 -> 72.199935 | U103: =U102+R103 -> 2.0121685e+09 | V103: =V102*(1+F$40) -> 9.7905463e+09 | W103: =W102 -> 750000000 | X103: -100000000 | Y103: 0 | Z103: =Y103+X103+W103+L103+J103+I103+H103+C103+K103+V103 -> 1.6043797e+10
A104: 17 | B104: 75 | C104: =D104+E104+F104+G104 -> 4.9793449e+09 | D104: =((C103-$Q104)*47%)*(1+B$40) -> 2.377625e+09 | E104: =((C103-$Q104))*36%*(1+B$41) -> 1.7892094e+09 | F104: =((C103-$Q104))*6%*(1+D$40) -> 2.9021402e+08 | G104: =((C103-$Q104))*11%*(1+D$41) -> 5.2229649e+08 | H104: =H103*(1+C$27)-H103*D$27 -> 2.1768313e+08 | I104: =I103*(1+C$27)-I103*D$27 -> 2.672758e+08 | J104: =J103*(1+C$27)-J103*D$27 -> 2.7715646e+08 | K104: =K103*(1+$C$31)-K103*$D$31 -> 1.9895176e+08 | L104: =L103*(1+C$31)-L103*D$31 -> 1.8000089e+08 | M104: =(H104+I104+J104)*(D$27*(1-5.5%)) -> 32408957 | N104: =(K104+L104)*D$26*(1-9.9%) -> 15364635 | O104: =O103*(1+B$12) -> 34423774 | P104: =M104+N104+O104 -> 82197366 | Q104: 47000000 | R104: =P104/POWER(1+$B$12,16)+Q104 -> 1.023702e+08 | T104: =R104/$R$88*100 -> 72.091687 | U104: =U103+R104 -> 2.1145387e+09 | V104: =V103*(1+F$40) -> 1.1552845e+10 | W104: =W103 -> 750000000 | X104: -100000000 | Y104: 0 | Z104: =Y104+X104+W104+L104+J104+I104+H104+C104+K104+V104 -> 1.8323258e+10
A105: 18 | B105: 76 | C105: =D105+E105+F105+G105 -> 5.5345842e+09 | D105: =((C104-$Q105)*47%)*(1+B$40) -> 2.6427504e+09 | E105: =((C104-$Q105))*36%*(1+B$41) -> 1.9887215e+09 | F105: =((C104-$Q105))*6%*(1+D$40) -> 3.2257536e+08 | G105: =((C104-$Q105))*11%*(1+D$41) -> 5.8053699e+08 | H105: =H104*(1+C$27)-H104*D$27 -> 2.2312521e+08 | I105: =I104*(1+C$27)-I104*D$27 -> 2.739577e+08 | J105: =J104*(1+C$27)-J104*D$27 -> 2.8408537e+08 | K105: =K104*(1+$C$31)-K104*$D$31 -> 2.0094127e+08 | L105: =L104*(1+C$31)-L104*D$31 -> 1.8180089e+08 | M105: =(H105+I105+J105)*(D$27*(1-5.5%)) -> 33219181 | N105: =(K105+L105)*D$26*(1-9.9%) -> 15518281 | O105: =O104*(1+B$12) -> 35284369 | P105: =M105+N105+O105 -> 84021831 | Q105: 47000000 | R105: =P105/POWER(1+$B$12,17)+Q105 -> 1.0221873e+08 | T105: =R105/$R$88*100 -> 71.985022 | U105: =U104+R105 -> 2.2167574e+09 | V105: =V104*(1+F$40) -> 1.3632357e+10 | W105: =W104 -> 750000000 | X105: -100000000 | Y105: 0 | Z105: =Y105+X105+W105+L105+J105+I105+H105+C105+K105+V105 -> 2.0980851e+10
A106: 19 | B106: 77 | C106: =D106+E106+F106+G106 -> 6.1564961e+09 | D106: =((C105-$Q106)*47%)*(1+B$40) -> 2.9397118e+09 | E106: =((C105-$Q106))*36%*(1+B$41) -> 2.2121907e+09 | F106: =((C105-$Q106))*6%*(1+D$40) -> 3.5882261e+08 | G106: =((C105-$Q106))*11%*(1+D$41) -> 6.4577096e+08 | H106: =H105*(1+C$27)-H105*D$27 -> 2.2870334e+08 | I106: =I105*(1+C$27)-I105*D$27 -> 2.8080664e+08 | J106: =J105*(1+C$27)-J105*D$27 -> 2.911875e+08 | K106: =K105*(1+$C$31)-K105*$D$31 -> 2.0295069e+08 | L106: =L105*(1+C$31)-L105*D$31 -> 1.836189e+08 | M106: =(H106+I106+J106)*(D$27*(1-5.5%)) -> 34049660 | N106: =(K106+L106)*D$26*(1-9.9%) -> 15673464 | O106: =O105*(1+B$12) -> 36166478 | P106: =M106+N106+O106 -> 85889602 | Q106: 48000000 | R106: =P106/POWER(1+$B$12,18)+Q106 -> 1.0306949e+08 | T106: =R106/$R$88*100 -> 72.584144 | U106: =U105+R106 -> 2.3198269e+09 | V106: =V105*(1+F$40) -> 1.6086181e+10 | W106: =W105 -> 750000000 | X106: -100000000 | Y106: 0 | Z106: =Y106+X106+W106+L106+J106+I106+H106+C106+K106+V106 -> 2.4079944e+10
...

Sheet 연금 시뮬레이션
A1: 종합 연금 수령 시뮬레이션 (만 59세 개시, 아파트 보유)
A3: ■ 기본 정보
A4: 항목 | B4: 값 | C4: 비고
A5: 생년월일 | B5: 1973년생 | C5: 2026년 만 53세
A6: 경제활동 | B6: 58세까지
A7: 연금 개시 나이 | B7: 만 59세 | C7: 2032년 시작
A8: 연금운용 연수익율 | B8: 0.065
A9: 연금 인출율 | B9: 0.05
A10: ISA 수익률 | B10: 0.07
A11: ISA 배당률 | B11: 0.04
A12: 예상 인플레이션 | B12: 0.025 | C12: 연평균 실질 물가상승률
B13: 100000000 | C13: =B13*4% -> 4000000
A15: ■ 주거 조건
A16: 항목 | B16: 금액 | C16: 비고
A17: 아파트 공시가격 | B17: 460000000 | C17: 6억원(6.5억원)
A18: 주택담보대출 | B18: 200000000 | C18: 2억원
A19: 대출 이자율 | B19: 0.04 | C19: 연 4%
A20: 연간 대출이자 | B20: =B18*B19 -> 8000000 | C20: 30년 상환 가정 | D20: =B20/12 -> 666666.67 | E20: 12000000 | F20: =E20/12 -> 1000000
A21: 건보료 산정 재산 | B21: =B17-B18 -> 260000000 | C21: 부채 차감 후
A24: ■ 자산 원금 및 운용 방식 (만 59세 개시일 기준)
A25: 자산 구분 | B25: 원금 | C25: 연 수익률 | D25: 연 인출률 | E25: 비고
A26: 변액유니버셜보험 | B26: =H89 -> 1.0651739e+08 | C26: =B8 -> 0.065 | D26: =B9 -> 0.05 | E26: 비과세
A27: 연금저축+IRP | B27: =I89 -> 4.1423619e+08 | C27: =B8 -> 0.065 | D27: =B9 -> 0.05 | E27: 연금소득세
A28: 퇴직연금 | B28: =J89 -> 1.4739539e+08 | C28: =B8 -> 0.065 | D28: =B9 -> 0.05 | E28: 연금소득세
A29: 사적연금 합계 | B29: =SUM(B26:B28) -> 6.6814897e+08 | E29: 3억원
A31: ISA 배당주 (본인) | B31: =L89/2 -> 22149000 | C31: =B10 -> 0.07 | D31: 0.05 | E31: 분리과세 9.9%
A32: ISA 배당주 (배우자) | B32: =B31 -> 22149000 | C32: =B10 -> 0.07 | D32: 0.05 | E32: 분리과세 9.9%
A33: ISA 합계 | B33: =SUM(B31:B32) -> 44298000 | E33: 총 2억원
A37: ■ 국민연금 정보
A38: 수령 시기 | B38: 개시 나이 | C38: 월 수령액 | D38: 연 수령액 | E38: 조정률
A39: 조기수령 | B39: 59 | C39: 1140000 | D39: =C39*12 -> 13680000 | E39: 0.76
A40: 정상수령 | B40: 63 | C40: 1500000 | D40: =C40*12 -> 18000000 | E40: 1
A42: KR 수익 | B42: 0.16 | C42: Alternative | D42: 0.08 | E42: 아이들 | F42: 0.15
A43: US수익 | B43: 0.12 | C43: Crypto | D43: 0.09
J44: 내 계좌에서 | L44: 20000000
A45: ■ 시나리오 1: 59세 조기 국민연금 - 연도별 상세
A46: 연차 | B46: 나이 | C46: 투자 총액 | E46: KRQT | H46: 변액보험잔액 | I46: 연금저축잔액 | J46: 퇴직연금잔액 | M46: 사적연금수령 | N46: ISA배당 | O46: 국민연금 | P46: 총수령액(명목) | R46: 총수령액(실질) | S46: 구매력지수 | T46: 누적실질총액
A47: -6 | B47: 52
A48: -5 | B48: 53
A49: -4 | B49: 54
A50: -3 | B50: 55
A51: -2 | B51: 56
A52: -1 | B52: 57
A53: 0 | B53: 58
A54: 1 | B54: 59 | H54: 100000000 | I54: 100000000 | J54: 100000000 | M54: =(H54+I54+J54)*0.04 -> 12000000 | N54: =#REF!*0.04 -> #REF! | O54: =$D$39 -> 13680000 | P54: =M54+N54+O54 -> #REF! | R54: =P54/POWER(1+$B$12,0) -> #REF! | S54: =R54/$R$54*100 -> #REF! | T54: =R54 -> #REF!
A55: 2 | B55: 60 | H55: =H54*(1+0.07)-H54*0.04 -> 103000000 | I55: =I54*(1+0.07)-I54*0.04 -> 103000000 | J55: =J54*(1+0.07)-J54*0.04 -> 103000000 | M55: =(H54+I54+J54)*0.04 -> 12000000 | N55: =#REF!*0.04 -> #REF! | O55: =$D$39 -> 13680000 | P55: =M55+N55+O55 -> #REF! | R55: =P55/POWER(1+$B$12,1) -> #REF! | S55: =R55/$R$54*100 -> #REF! | T55: =T54+R55 -> #REF!
A56: 3 | B56: 61 | H56: =H55*(1+0.07)-H55*0.04 -> 106090000 | I56: =I55*(1+0.07)-I55*0.04 -> 106090000 | J56: =J55*(1+0.07)-J55*0.04 -> 106090000 | M56: =(H55+I55+J55)*0.04 -> 12360000 | N56: =#REF!*0.04 -> #REF! | O56: =$D$39 -> 13680000 | P56: =M56+N56+O56 -> #REF! | R56: =P56/POWER(1+$B$12,2) -> #REF! | S56: =R56/$R$54*100 -> #REF! | T56: =T55+R56 -> #REF!
A57: 4 | B57: 62 | H57: =H56*(1+0.07)-H56*0.04 -> 109272700 | I57: =I56*(1+0.07)-I56*0.04 -> 109272700 | J57: =J56*(1+0.07)-J56*0.04 -> 109272700 | M57: =(H56+I56+J56)*0.04 -> 12730800 | N57: =#REF!*0.04 -> #REF! | O57: =$D$39 -> 13680000 | P57: =M57+N57+O57 -> #REF! | R57: =P57/POWER(1+$B$12,3) -> #REF! | S57: =R57/$R$54*100 -> #REF! | T57: =T56+R57 -> #REF!
A58: 5 | B58: 63 | H58: =H57*(1+0.07)-H57*0.04 -> 112550881 | I58: =I57*(1+0.07)-I57*0.04 -> 112550881 | J58: =J57*(1+0.07)-J57*0.04 -> 112550881 | M58: =(H57+I57+J57)*0.04 -> 13112724 | N58: =#REF!*0.04 -> #REF! | O58: =$D$39 -> 13680000 | P58: =M58+N58+O58 -> #REF! | R58: =P58/POWER(1+$B$12,4) -> #REF! | S58: =R58/$R$54*100 -> #REF! | T58: =T57+R58 -> #REF!
A59: 6 | B59: 64 | H59: =H58*(1+0.07)-H58*0.04 -> 1.1592741e+08 | I59: =I58*(1+0.07)-I58*0.04 -> 1.1592741e+08 | J59: =J58*(1+0.07)-J58*0.04 -> 1.1592741e+08 | M59: =(H58+I58+J58)*0.04 -> 13506106 | N59: =#REF!*0.04 -> #REF! | O59: =$D$39 -> 13680000 | P59: =M59+N59+O59 -> #REF! | R59: =P59/POWER(1+$B$12,5) -> #REF! | S59: =R59/$R$54*100 -> #REF! | T59: =T58+R59 -> #REF!
A60: 7 | B60: 65 | H60: =H59*(1+0.07)-H59*0.04 -> 1.1940523e+08 | I60: =I59*(1+0.07)-I59*0.04 -> 1.1940523e+08 | J60: =J59*(1+0.07)-J59*0.04 -> 1.1940523e+08 | M60: =(H59+I59+J59)*0.04 -> 13911289 | N60: =#REF!*0.04 -> #REF! | O60: =$D$39 -> 13680000 | P60: =M60+N60+O60 -> #REF! | R60: =P60/POWER(1+$B$12,6) -> #REF! | S60: =R60/$R$54*100 -> #REF! | T60: =T59+R60 -> #REF!
A61: 8 | B61: 66 | H61: =H60*(1+0.07)-H60*0.04 -> 1.2298739e+08 | I61: =I60*(1+0.07)-I60*0.04 -> 1.2298739e+08 | J61: =J60*(1+0.07)-J60*0.04 -> 1.2298739e+08 | M61: =(H60+I60+J60)*0.04 -> 14328628 | N61: =#REF!*0.04 -> #REF! | O61: =$D$39 -> 13680000 | P61: =M61+N61+O61 -> #REF! | R61: =P61/POWER(1+$B$12,7) -> #REF! | S61: =R61/$R$54*100 -> #REF! | T61: =T60+R61 -> #REF!
A62: 9 | B62: 67 | H62: =H61*(1+0.07)-H61*0.04 -> 1.2667701e+08 | I62: =I61*(1+0.07)-I61*0.04 -> 1.2667701e+08 | J62: =J61*(1+0.07)-J61*0.04 -> 1.2667701e+08 | M62: =(H61+I61+J61)*0.04 -> 14758486 | N62: =#REF!*0.04 -> #REF! | O62: =$D$39 -> 13680000 | P62: =M62+N62+O62 -> #REF! | R62: =P62/POWER(1+$B$12,8) -> #REF! | S62: =R62/$R$54*100 -> #REF! | T62: =T61+R62 -> #REF!
A63: 10 | B63: 68 | H63: =H62*(1+0.07)-H62*0.04 -> 1.3047732e+08 | I63: =I62*(1+0.07)-I62*0.04 -> 1.3047732e+08 | J63: =J62*(1+0.07)-J62*0.04 -> 1.3047732e+08 | M63: =(H62+I62+J62)*0.04 -> 15201241 | N63: =#REF!*0.04 -> #REF! | O63: =$D$39 -> 13680000 | P63: =M63+N63+O63 -> #REF! | R63: =P63/POWER(1+$B$12,9) -> #REF! | S63: =R63/$R$54*100 -> #REF! | T63: =T62+R63 -> #REF!
A64: 11 | B64: 69 | H64: =H63*(1+0.07)-H63*0.04 -> 1.3439164e+08 | I64: =I63*(1+0.07)-I63*0.04 -> 1.3439164e+08 | J64: =J63*(1+0.07)-J63*0.04 -> 1.3439164e+08 | M64: =(H63+I63+J63)*0.04 -> 15657278 | N64: =#REF!*0.04 -> #REF! | O64: =$D$39 -> 13680000 | P64: =M64+N64+O64 -> #REF! | R64: =P64/POWER(1+$B$12,10) -> #REF! | S64: =R64/$R$54*100 -> #REF! | T64: =T63+R64 -> #REF!
A65: 12 | B65: 70 | H65: =H64*(1+0.07)-H64*0.04 -> 1.3842339e+08 | I65: =I64*(1+0.07)-I64*0.04 -> 1.3842339e+08 | J65: =J64*(1+0.07)-J64*0.04 -> 1.3842339e+08 | M65: =(H64+I64+J64)*0.04 -> 16126997 | N65: =#REF!*0.04 -> #REF! | O65: =$D$39 -> 13680000 | P65: =M65+N65+O65 -> #REF! | R65: =P65/POWER(1+$B$12,11) -> #REF! | S65: =R65/$R$54*100 -> #REF! | T65: =T64+R65 -> #REF!
A66: 13 | B66: 71 | H66: =H65*(1+0.07)-H65*0.04 -> 1.4257609e+08 | I66: =I65*(1+0.07)-I65*0.04 -> 1.4257609e+08 | J66: =J65*(1+0.07)-J65*0.04 -> 1.4257609e+08 | M66: =(H65+I65+J65)*0.04 -> 16610806 | N66: =#REF!*0.04 -> #REF! | O66: =$D$39 -> 13680000 | P66: =M66+N66+O66 -> #REF! | R66: =P66/POWER(1+$B$12,12) -> #REF! | S66: =R66/$R$54*100 -> #REF! | T66: =T65+R66 -> #REF!
A67: 14 | B67: 72 | H67: =H66*(1+0.07)-H66*0.04 -> 1.4685337e+08 | I67: =I66*(1+0.07)-I66*0.04 -> 1.4685337e+08 | J67: =J66*(1+0.07)-J66*0.04 -> 1.4685337e+08 | M67: =(H66+I66+J66)*0.04 -> 17109131 | N67: =#REF!*0.04 -> #REF! | O67: =$D$39 -> 13680000 | P67: =M67+N67+O67 -> #REF! | R67: =P67/POWER(1+$B$12,13) -> #REF! | S67: =R67/$R$54*100 -> #REF! | T67: =T66+R67 -> #REF!
A68: 15 | B68: 73 | H68: =H67*(1+0.07)-H67*0.04 -> 1.5125897e+08 | I68: =I67*(1+0.07)-I67*0.04 -> 1.5125897e+08 | J68: =J67*(1+0.07)-J67*0.04 -> 1.5125897e+08 | M68: =(H67+I67+J67)*0.04 -> 17622405 | N68: =#REF!*0.04 -> #REF! | O68: =$D$39 -> 13680000 | P68: =M68+N68+O68 -> #REF! | R68: =P68/POWER(1+$B$12,14) -> #REF! | S68: =R68/$R$54*100 -> #REF! | T68: =T67+R68 -> #REF!
A69: 16 | B69: 74 | H69: =H68*(1+0.07)-H68*0.04 -> 1.5579674e+08 | I69: =I68*(1+0.07)-I68*0.04 -> 1.5579674e+08 | J69: =J68*(1+0.07)-J68*0.04 -> 1.5579674e+08 | M69: =(H68+I68+J68)*0.04 -> 18151077 | N69: =#REF!*0.04 -> #REF! | O69: =$D$39 -> 13680000 | P69: =M69+N69+O69 -> #REF! | R69: =P69/POWER(1+$B$12,15) -> #REF! | S69: =R69/$R$54*100 -> #REF! | T69: =T68+R69 -> #REF!
A70: 17 | B70: 75 | H70: =H69*(1+0.07)-H69*0.04 -> 1.6047064e+08 | I70: =I69*(1+0.07)-I69*0.04 -> 1.6047064e+08 | J70: =J69*(1+0.07)-J69*0.04 -> 1.6047064e+08 | M70: =(H69+I69+J69)*0.04 -> 18695609 | N70: =#REF!*0.04 -> #REF! | O70: =$D$39 -> 13680000 | P70: =M70+N70+O70 -> #REF! | R70: =P70/POWER(1+$B$12,16) -> #REF! | S70: =R70/$R$54*100 -> #REF! | T70: =T69+R70 -> #REF!
A71: 18 | B71: 76 | H71: =H70*(1+0.07)-H70*0.04 -> 1.6528476e+08 | I71: =I70*(1+0.07)-I70*0.04 -> 1.6528476e+08 | J71: =J70*(1+0.07)-J70*0.04 -> 1.6528476e+08 | M71: =(H70+I70+J70)*0.04 -> 19256477 | N71: =#REF!*0.04 -> #REF! | O71: =$D$39 -> 13680000 | P71: =M71+N71+O71 -> #REF! | R71: =P71/POWER(1+$B$12,17) -> #REF! | S71: =R71/$R$54*100 -> #REF! | T71: =T70+R71 -> #REF!
A72: 19 | B72: 77 | H72: =H71*(1+0.07)-H71*0.04 -> 1.7024331e+08 | I72: =I71*(1+0.07)-I71*0.04 -> 1.7024331e+08 | J72: =J71*(1+0.07)-J71*0.04 -> 1.7024331e+08 | M72: =(H71+I71+J71)*0.04 -> 19834172 | N72: =#REF!*0.04 -> #REF! | O72: =$D$39 -> 13680000 | P72: =M72+N72+O72 -> #REF! | R72: =P72/POWER(1+$B$12,18) -> #REF! | S72: =R72/$R$54*100 -> #REF! | T72: =T71+R72 -> #REF!
A73: 20 | B73: 78 | H73: =H72*(1+0.07)-H72*0.04 -> 1.7535061e+08 | I73: =I72*(1+0.07)-I72*0.04 -> 1.7535061e+08 | J73: =J72*(1+0.07)-J72*0.04 -> 1.7535061e+08 | M73: =(H72+I72+J72)*0.04 -> 20429197 | N73: =#REF!*0.04 -> #REF! | O73: =$D$39 -> 13680000 | P73: =M73+N73+O73 -> #REF! | R73: =P73/POWER(1+$B$12,19) -> #REF! | S73: =R73/$R$54*100 -> #REF! | T73: =T72+R73 -> #REF!
A74: 21 | B74: 79 | H74: =H73*(1+0.07)-H73*0.04 -> 1.8061112e+08 | I74: =I73*(1+0.07)-I73*0.04 -> 1.8061112e+08 | J74: =J73*(1+0.07)-J73*0.04 -> 1.8061112e+08 | M74: =(H73+I73+J73)*0.04 -> 21042073 | N74: =#REF!*0.04 -> #REF! | O74: =$D$39 -> 13680000 | P74: =M74+N74+O74 -> #REF! | R74: =P74/POWER(1+$B$12,20) -> #REF! | S74: =R74/$R$54*100 -> #REF! | T74: =T73+R74 -> #REF!
A75: 22 | B75: 80 | H75: =H74*(1+0.07)-H74*0.04 -> 1.8602946e+08 | I75: =I74*(1+0.07)-I74*0.04 -> 1.8602946e+08 | J75: =J74*(1+0.07)-J74*0.04 -> 1.8602946e+08 | M75: =(H74+I74+J74)*0.04 -> 21673335 | N75: =#REF!*0.04 -> #REF! | O75: =$D$39 -> 13680000 | P75: =M75+N75+O75 -> #REF! | R75: =P75/POWER(1+$B$12,21) -> #REF! | S75: =R75/$R$54*100 -> #REF! | T75: =T74+R75 -> #REF!
A76: 23 | B76: 81 | H76: =H75*(1+0.07)-H75*0.04 -> 1.9161034e+08 | I76: =I75*(1+0.07)-I75*0.04 -> 1.9161034e+08 | J76: =J75*(1+0.07)-J75*0.04 -> 1.9161034e+08 | M76: =(H75+I75+J75)*0.04 -> 22323535 | N76: =#REF!*0.04 -> #REF! | O76: =$D$39 -> 13680000 | P76: =M76+N76+O76 -> #REF! | R76: =P76/POWER(1+$B$12,22) -> #REF! | S76: =R76/$R$54*100 -> #REF! | T76: =T75+R76 -> #REF!
A77: 24 | B77: 82 | H77: =H76*(1+0.07)-H76*0.04 -> 1.9735865e+08 | I77: =I76*(1+0.07)-I76*0.04 -> 1.9735865e+08 | J77: =J76*(1+0.07)-J76*0.04 -> 1.9735865e+08 | M77: =(H76+I76+J76)*0.04 -> 22993241 | N77: =#REF!*0.04 -> #REF! | O77: =$D$39 -> 13680000 | P77: =M77+N77+O77 -> #REF! | R77: =P77/POWER(1+$B$12,23) -> #REF! | S77: =R77/$R$54*100 -> #REF! | T77: =T76+R77 -> #REF!
A78: 25 | B78: 83 | H78: =H77*(1+0.07)-H77*0.04 -> 2.0327941e+08 | I78: =I77*(1+0.07)-I77*0.04 -> 2.0327941e+08 | J78: =J77*(1+0.07)-J77*0.04 -> 2.0327941e+08 | M78: =(H77+I77+J77)*0.04 -> 23683038 | N78: =#REF!*0.04 -> #REF! | O78: =$D$39 -> 13680000 | P78: =M78+N78+O78 -> #REF! | R78: =P78/POWER(1+$B$12,24) -> #REF! | S78: =R78/$R$54*100 -> #REF! | T78: =T77+R78 -> #REF!
A79: 25년 합계 | P79: =SUM(P54:P78) -> #REF! | R79: =SUM(R54:R78) -> #REF! | T79: =T78 -> #REF!
I80: =6000000+3000000 -> 9000000 | J80: 윤숙 계좌에서 | L80: 20000000
A81: ■ 시나리오 2: 63세 정상 국민연금 - 연도별 상세
A82: 연차 | B82: 나이 | C82: 공격투자총액 | D82: KR | E82: Global | F82: Alternative | G82: Crypto | H82: 변액보험잔액 | I82: 사적저축잔액 | J82: 퇴직연금잔액 | K82: ISA본인 | L82: ISA배우자 | M82: 사적연금수령 | N82: ISA배당 | O82: 국민연금 | P82: 연금ISA수령액(명목) | Q82: 부족 생활자금 | R82: 총수령액(실질) | S82: 구매력지수 | T82: 누적실질총액 | U82: 아이들 증여 | V82: 주택금액 | W82: 윤저축 | X82: 청약저축 | Y82: 자산합계 | Z82: 주택가격 | AA82: 700000000
A83: -6 | B83: 52 | C83: =D83+E83+F83+G83 -> 891384748 | D83: 514753229 | E83: 228537719 | F83: 49597939 | G83: 98495861 | H83: 73000000 | I83: 27257887 | J83: 58527425 | K83: 0 | L83: 0 | V83: 550000000 | W83: 208000000 | X83: 20000000 | Y83: =X83+W83+V83+L83+J83+I83+H83+C83+K83 -> 1828170060 | Z83: 윤저축 | AA83: =-100000000 -> -100000000
A84: -5 | B84: 2026. 53 | C84: =D84+E84+F84+G84 -> 9.8987725e+08 | D84: =404913229*(1+B$42) -> 4.6969935e+08 | E84: =318831827*(1+B$43) -> 3.5709165e+08 | F84: =51597939*(1+D$42) -> 55725774 | G84: =G83*(1+D$43) -> 1.0736049e+08 | H84: =H83*(1+C$26) -> 77745000 | I84: =(I83+18000000)*(1+C$27) -> 48199650 | J84: =(J83+9600000)*(1+$C$27) -> 72555708 | K84: =40000000*(1+$B$10) -> 42800000 | L84: =40000000*(1+$B$10) -> 42800000 | V84: 550000000 | W84: 168000000 | X84: 20000000 | Y84: =X84+W84+V84+L84+J84+I84+H84+C84+K84 -> 2.0119776e+09 | Z84: 청약저축 | AA84: =-X86 -> -20000000 | AB84: =Y84/Y83-1 -> 0.10054182
A85: -4 | B85: 54 | C85: =D85+E85+F85+G85 -> 1.0383059e+09 | D85: =((C84-U85)*47%)*(1+B$42)-38000000 -> 4.7987308e+08 | E85: =(C84-U85)*36%*(1+B$43) -> 3.8299051e+08 | F85: =(C84-U85)*6%*(1+D$42) -> 61552046 | G85: =(C84-U85)*11%*(1+D$43) -> 1.1389028e+08 | H85: =H84*(1+C$26) -> 82798425 | I85: =(I84+18000000)*(1+C$27) -> 70502627 | J85: =(J84+9600000)*(1+$C$27) -> 87495829 | K85: =(K84+20000000)*(1+$B$10) -> 67196000 | L85: =(L84+20000000)*(1+$B$10) -> 67196000 | U85: 40000000 | V85: 550000000 | W85: 148000000 | X85: 20000000 | Y85: =X85+W85+V85+L85+J85+I85+H85+C85+K85+U85 -> 2.1714948e+09 | Z85: 전세자금 | AA85: -550000000 | AB85: =Y85/Y84-1 -> 0.079283778
A86: -3 | B86: 55 | C86: =D86+E86+F86+G86 -> 1.1385044e+09 | D86: =(C85*47%)*(1+B$42)-38000000 -> 5.2808439e+08 | E86: =(C85)*36%*(1+B$43) -> 4.1864495e+08 | F86: =(C85)*6%*(1+D$42) -> 67282223 | G86: =(C85)*11%*(1+D$43) -> 1.2449288e+08 | H86: =H85*(1+C$26) -> 88180323 | I86: =(I85+18000000)*(1+C$27) -> 94255298 | J86: =(J85+9600000)*(1+$C$27) -> 1.0340706e+08 | K86: =(K85+20000000)*(1+$B$10) -> 93299720 | L86: =(L85+20000000)*(1+$B$10) -> 93299720 | U86: =U85*(1+F$42) -> 46000000 | V86: 550000000 | W86: 128000000 | X86: 20000000 | Y86: =X86+W86+V86+L86+J86+I86+H86+C86+K86+U86 -> 2.3549466e+09 | Z86: KR투자금 | AA86: -30000000 | AB86: =Y86/Y85-1 -> 0.084481784
A87: -2 | B87: 56 | C87: =D87+E87+F87+G87 -> 1.2180464e+09 | D87: =((C86-30000000)*47%)*(1+B$42)-38000000 -> 5.6635662e+08 | E87: =((C86-30000000))*36%*(1+B$43) -> 4.4694899e+08 | F87: =((C86-30000000))*6%*(1+D$42) -> 71831087 | G87: =((C86-30000000))*11%*(1+D$43) -> 1.3290968e+08 | H87: =H86*(1+C$26) -> 93912044 | I87: =(I86+18000000)*(1+C$27) -> 1.1955189e+08 | J87: =(J86+9600000)*(1+$C$27) -> 1.2035252e+08 | K87: =(K86+20000000)*(1+$B$10) -> 1.212307e+08 | L87: =(L86+20000000)*(1+$B$10) -> 1.212307e+08 | U87: =U86*(1+F$42) -> 52900000 | V87: 700000000 | W87: 8000000 | X87: 0 | Y87: =X87+W87+V87+L87+J87+I87+H87+C87+K87+U87 -> 2.5552242e+09 | Z87: US투자금 | AB87: =Y87/Y86-1 -> 0.085045529
A88: -1 | B88: 57 | C88: =D88+E88+F88+G88 -> 1.3221683e+09 | D88: =(C87*47%)*(1+B$42)-58000000 -> 6.0607888e+08 | E88: =(C87)*36%*(1+B$43) -> 4.911163e+08 | F88: =(C87)*6%*(1+D$42) -> 78929405 | G88: =(C87)*11%*(1+D$43) -> 1.4604376e+08 | H88: =H87*(1+C$26) -> 1.0001633e+08 | I88: =(I87+18000000)*(1+C$27)+K87+L87 -> 3.8895417e+08 | J88: =(J87+9600000)*(1+$C$27) -> 1.3839943e+08 | K88: =20000000*(1+$B$10) -> 21400000 | L88: =20000000*(1+$B$10) -> 21400000 | U88: =U87*(1+F$42) -> 60835000 | V88: =V87 -> 700000000 | W88: 8000000 | X88: 0 | Y88: =X88+W88+V88+L88+J88+I88+H88+C88+K88+U88 -> 2.7611733e+09 | Z88: CR투자금 | AB88: =Y88/Y87-1 -> 0.080599205
A89: 0 | B89: 58 | C89: =D89+E89+F89+G89 -> 1.412825e+09 | D89: =((C88-40000000)*47%)*(1+B$42)-40000000 -> 6.5903818e+08 | E89: =((C88-40000000))*36%*(1+B$43) -> 5.1697028e+08 | F89: =((C88-40000000))*6%*(1+D$42) -> 83084509 | G89: =((C88-40000000))*11%*(1+D$43) -> 1.5373198e+08 | H89: =H88*(1+C$26) -> 1.0651739e+08 | I89: =I88*(1+C$27) -> 4.1423619e+08 | J89: =J88*(1+$C$27) -> 1.4739539e+08 | K89: =(K88+20000000)*(1+$B$10) -> 44298000 | L89: =(L88+20000000)*(1+$B$10) -> 44298000 | Q89: 100000000 | R89: =P89/POWER(1+$B$12,0)+Q89 -> 100000000 | U89: =U88*(1+F$42)+40000000 -> 1.0996025e+08 | V89: =V88 -> 700000000 | W89: 8000000 | X89: 0 | Y89: =X89+W89+V89+L89+J89+I89+H89+C89+K89+U89 -> 2.9875302e+09 | Z89: 희망퇴직+실업급여 | AA89: =AA82+SUM(AA83:AA88) -> 0 | AB89: =Y89/Y88-1 -> 0.081978521
A90: 1 | B90: 59 | C90: =D90+E90+F90+G90 -> 1.560872e+09 | D90: =(C89*47%)*(1+B$42)-40000000 -> 7.3027217e+08 | E90: =(C89)*36%*(1+B$43) -> 5.6965102e+08 | F90: =(C89)*6%*(1+D$42) -> 91551057 | G90: =(C89)*11%*(1+D$43) -> 1.6939771e+08 | H90: =H89*(1+C$27)-H89*D$27 -> 1.0811515e+08 | I90: =I89*(1+C$27)-I89*D$27 -> 4.2044973e+08 | J90: =J89*(1+C$27)-J89*D$27 -> 1.4960632e+08 | K90: =(K89+20000000)*(1+$C$31)-K89*$D$31 -> 66583960 | L90: =(L89+20000000)*(1+$C$31)-L89*$D$31 -> 66583960 | M90: =(H90+I90+J90)*(D$27*(1-5.5%)) -> 32043589 | N90: =(K90+L90)*D$26*(1-9.9%) -> 5999214.8 | O90: 0 | P90: =M90+N90+O90 -> 38042804 | Q90: 60000000 | R90: =P90/POWER(1+$B$12,0)+Q90 -> 98042804 | S90: =R90/$R$90*100 -> 100 | T90: =R90 -> 98042804 | U90: =U89*(1+F$42) -> 1.2645429e+08 | V90: =V89 -> 700000000 | W90: 8000000 | X90: 0 | Y90: =X90+W90+V90+L90+J90+I90+H90+C90+K90+U90 -> 3.2066654e+09 | Z90: 희망퇴직+실업급여 잔여 일부 0.4억
A91: 2 | B91: 60 | C91: =D91+E91+F91+G91 -> 1.56999e+09 | D91: =((C90-200000000+$Q90)*47%)*(1+B$42)-40000000 -> 7.3465939e+08 | E91: =((C90-200000000+$Q90))*36%*(1+B$43) -> 5.7289557e+08 | F91: =((C90-200000000+$Q90))*6%*(1+D$42) -> 92072503 | G91: =((C90-200000000+$Q90))*11%*(1+D$43) -> 1.7036255e+08 | H91: =H90*(1+C$27)-H90*D$27 -> 1.0973688e+08 | I91: =I90*(1+C$27)-I90*D$27 -> 4.2675648e+08 | J91: =J90*(1+C$27)-J90*D$27 -> 1.5185042e+08 | K91: =(K90+20000000)*(1+$C$31)-K90*$D$31 -> 89315639 | L91: =(L90+20000000)*(1+$C$31)-L90*$D$31 -> 89315639 | M91: =(H91+I91+J91)*(D$27*(1-5.5%)) -> 32524243 | N91: =(K91+L91)*D$26*(1-9.9%) -> 8047339.1 | O91: 0 | P91: =M91+N91+O91 -> 40571582 | Q91: 60000000 | R91: =P91/POWER(1+$B$12,1)+Q91 -> 99582031 | S91: =R91/$R$90*100 -> 101.56995 | T91: =T90+R91 -> 1.9762484e+08 | U91: =U90*(1+F$42)+200000000 -> 3.4542243e+08 | V91: =V90 -> 700000000 | W91: 8000000 | X91: 0 | Y91: =X91+W91+V91+L91+J91+I91+H91+C91+K91+U91 -> 3.4903875e+09 | Z91: 부부 각각 1억씩 중여
A92: 3 | B92: 61 | C92: =D92+E92+F92+G92 -> 1.6721028e+09 | D92: =((C91-Q92)*47%)*(1+B$42)-40000000 -> 7.8379176e+08 | E92: =((C91-Q92))*36%*(1+B$43) -> 6.0923117e+08 | F92: =((C91-Q92))*6%*(1+D$42) -> 97912153 | G92: =((C91-Q92))*11%*(1+D$43) -> 1.811677e+08 | H92: =H91*(1+C$27)-H91*D$27 -> 1.1138293e+08 | I92: =I91*(1+C$27)-I91*D$27 -> 4.3315782e+08 | J92: =J91*(1+C$27)-J91*D$27 -> 1.5412817e+08 | K92: =(K91+20000000)*(1+$C$31)-K91*$D$31 -> 1.1250195e+08 | L92: =(L91+20000000)*(1+$C$31)-L91*$D$31 -> 1.1250195e+08 | M92: =(H92+I92+J92)*(D$27*(1-5.5%)) -> 33012107 | N92: =(K92+L92)*D$26*(1-9.9%) -> 10136426 | O92: 0 | P92: =M92+N92+O92 -> 43148533 | Q92: 59000000 | R92: =P92/POWER(1+$B$12,2)+Q92 -> 1.0006939e+08 | S92: =R92/$R$90*100 -> 102.06705 | T92: =T91+R92 -> 2.9769423e+08 | U92: =U91*(1+F$42) -> 3.972358e+08 | V92: =V91 -> 700000000 | W92: 8000000 | X92: 0 | Y92: =X92+W92+V92+L92+J92+I92+H92+C92+K92+U92 -> 3.7010114e+09
A93: 4 | B93: 62 | C93: =D93+E93+F93+G93 -> 1.8278068e+09 | D93: =((C92-Q93)*47%)*(1+B$42) -> 8.7946364e+08 | E93: =((C92-Q93))*36%*(1+B$43) -> 6.5040304e+08 | F93: =((C92-Q93))*6%*(1+D$42) -> 1.0452906e+08 | G93: =((C92-Q93))*11%*(1+D$43) -> 1.9341102e+08 | H93: =H92*(1+C$27)-H92*D$27 -> 1.1305367e+08 | I93: =I92*(1+C$27)-I92*D$27 -> 4.3965519e+08 | J93: =J92*(1+C$27)-J92*D$27 -> 1.564401e+08 | K93: =K92*(1+$C$31)-K92*$D$31 -> 1.1475199e+08 | L93: =L92*(1+C$31)-L92*D$31 -> 1.1475199e+08 | M93: =(H93+I93+J93)*(D$27*(1-5.5%)) -> 33507288 | N93: =(K93+L93)*D$26*(1-9.9%) -> 10339154 | O93: 0 | P93: =M93+N93+O93 -> 43846443 | Q93: 59000000 | R93: =P93/POWER(1+$B$12,3)+Q93 -> 99715781 | S93: =R93/$R$90*100 -> 101.70637 | T93: =T92+R93 -> 3.9741001e+08 | U93: =U92*(1+F$42) -> 4.5682116e+08 | V93: =V92 -> 700000000 | W93: 8000000 | X93: 0 | Y93: =X93+W93+V93+L93+J93+I93+H93+C93+K93+U93 -> 3.9312809e+09
A94: 5 | B94: 63 | C94: =D94+E94+F94+G94 -> 2.0223645e+09 | D94: =((C93-$Q94)*47%)*(1+B$42) -> 9.7307665e+08 | E94: =((C93-$Q94))*36%*(1+B$43) -> 7.1963409e+08 | F94: =((C93-$Q94))*6%*(1+D$42) -> 1.1565548e+08 | G94: =((C93-$Q94))*11%*(1+D$43) -> 2.1399833e+08 | H94: =H93*(1+C$27)-H93*D$27 -> 1.1474948e+08 | I94: =I93*(1+C$27)-I93*D$27 -> 4.4625002e+08 | J94: =J93*(1+C$27)-J93*D$27 -> 1.587867e+08 | K94: =K93*(1+$C$31)-K93*$D$31 -> 1.1704703e+08 | L94: =L93*(1+C$31)-L93*D$31 -> 1.1704703e+08 | M94: =(H94+I94+J94)*(D$27*(1-5.5%)) -> 34009898 | N94: =(K94+L94)*D$26*(1-9.9%) -> 10545937 | O94: =$D$40*(1+B12) -> 18450000 | P94: =M94+N94+O94 -> 63005835 | Q94: 43000000 | R94: =P94/POWER(1+$B$12,4)+Q94 -> 1.0008018e+08 | S94: =R94/$R$90*100 -> 102.07804 | T94: =T93+R94 -> 4.9749019e+08 | U94: =U93*(1+F$42) -> 5.2534434e+08 | V94: =V93 -> 700000000 | W94: 8000000 | X94: 0 | Y94: =X94+W94+V94+L94+J94+I94+H94+C94+K94+U94 -> 4.2095891e+09
A95: 6 | B95: 64 | C95: =D95+E95+F95+G95 -> 2.242818e+09 | D95: =((C94-$Q95)*47%)*(1+B$42) -> 1.0791495e+09 | E95: =((C94-$Q95))*36%*(1+B$43) -> 7.9807978e+08 | F95: =((C94-$Q95))*6%*(1+D$42) -> 1.2826282e+08 | G95: =((C94-$Q95))*11%*(1+D$43) -> 2.3732581e+08 | H95: =H94*(1+C$27)-H94*D$27 -> 1.1647072e+08 | I95: =I94*(1+C$27)-I94*D$27 -> 4.5294377e+08 | J95: =J94*(1+C$27)-J94*D$27 -> 1.611685e+08 | K95: =K94*(1+$C$31)-K94*$D$31 -> 1.1938797e+08 | L95: =L94*(1+C$31)-L94*D$31 -> 1.1938797e+08 | M95: =(H95+I95+J95)*(D$27*(1-5.5%)) -> 34520046 | N95: =(K95+L95)*D$26*(1-9.9%) -> 10756856 | O95: =O94*(1+B$12) -> 18911250 | P95: =M95+N95+O95 -> 64188152 | Q95: 43000000 | R95: =P95/POWER(1+$B$12,5)+Q95 -> 99732974 | S95: =R95/$R$90*100 -> 101.72391 | T95: =T94+R95 -> 5.9722316e+08 | U95: =U94*(1+F$42) -> 6.0414599e+08 | V95: =V94 -> 700000000 | W95: 8000000 | X95: 0 | Y95: =X95+W95+V95+L95+J95+I95+H95+C95+K95+U95 -> 4.5243229e+09
A96: 7 | B96: 65 | C96: =D96+E96+F96+G96 -> 1.3583806e+09 | D96: =((C95-$Q96-1000000000)*47%)*(1+B$42) -> 6.5359555e+08 | E96: =((C95-$Q96-1000000000))*36%*(1+B$43) -> 4.833634e+08 | F96: =((C95-$Q96-1000000000))*6%*(1+D$42) -> 77683404 | G96: =((C95-$Q96-1000000000))*11%*(1+D$43) -> 1.4373827e+08 | H96: =H95*(1+C$27)-H95*D$27 -> 1.1821778e+08 | I96: =I95*(1+C$27)-I95*D$27 -> 4.5973792e+08 | J96: =J95*(1+C$27)-J95*D$27 -> 1.6358603e+08 | K96: =K95*(1+$C$31)-K95*$D$31 -> 1.2177573e+08 | L96: =L95*(1+C$31)-L95*D$31 -> 1.2177573e+08 | M96: =(H96+I96+J96)*(D$27*(1-5.5%)) -> 35037847 | N96: =(K96+L96)*D$26*(1-9.9%) -> 10971993 | O96: =O95*(1+B$12) -> 19384031 | P96: =M96+N96+O96 -> 65393871 | Q96: 44000000 | R96: =P96/POWER(1+$B$12,6)+Q96 -> 1.0038893e+08 | S96: =R96/$R$90*100 -> 102.39296 | T96: =T95+R96 -> 6.9761209e+08 | U96: =U95*(1+F$42)+820000000 -> 1.5147679e+09 | V96: =V95 -> 700000000 | W96: 8000000 | X96: 0 | Y96: =X96+W96+V96+L96+J96+I96+H96+C96+K96+U96 -> 4.5662417e+09 | Z96: 부부 각각 5억씩 | AA96: 증여세 1.8억
A97: 8 | B97: 66 | C97: =D97+E97+F97+G97 -> 1.4893247e+09 | D97: =((C96-$Q97)*47%)*(1+B$42) -> 7.1660032e+08 | E97: =((C96-$Q97))*36%*(1+B$43) -> 5.2995827e+08 | F97: =((C96-$Q97))*6%*(1+D$42) -> 85171865 | G97: =((C96-$Q97))*11%*(1+D$43) -> 1.5759424e+08 | H97: =H96*(1+C$27)-H96*D$27 -> 1.1999105e+08 | I97: =I96*(1+C$27)-I96*D$27 -> 4.6663399e+08 | J97: =J96*(1+C$27)-J96*D$27 -> 1.6603982e+08 | K97: =K96*(1+$C$31)-K96*$D$31 -> 1.2421125e+08 | L97: =L96*(1+C$31)-L96*D$31 -> 1.2421125e+08 | M97: =(H97+I97+J97)*(D$27*(1-5.5%)) -> 35563415 | N97: =(K97+L97)*D$26*(1-9.9%) -> 11191433 | O97: =O96*(1+B$12) -> 19868632 | P97: =M97+N97+O97 -> 66623480 | Q97: 44000000 | R97: =P97/POWER(1+$B$12,7)+Q97 -> 1.0004802e+08 | S97: =R97/$R$90*100 -> 102.04524 | T97: =T96+R97 -> 7.9766011e+08 | U97: =U96*(1+F$42) -> 1.7419831e+09 | V97: =V96 -> 700000000 | W97: 8000000 | X97: 0 | Y97: =X97+W97+V97+L97+J97+I97+H97+C97+K97+U97 -> 4.9403951e+09
A98: 9 | B98: 67 | C98: =D98+E98+F98+G98 -> 1.6376974e+09 | D98: =((C97-$Q98)*47%)*(1+B$42) -> 7.8799103e+08 | E98: =((C97-$Q98))*36%*(1+B$43) -> 5.8275492e+08 | F98: =((C97-$Q98))*6%*(1+D$42) -> 93657041 | G98: =((C97-$Q98))*11%*(1+D$43) -> 1.7329443e+08 | H98: =H97*(1+C$27)-H97*D$27 -> 1.2179091e+08 | I98: =I97*(1+C$27)-I97*D$27 -> 4.736335e+08 | J98: =J97*(1+C$27)-J97*D$27 -> 1.6853041e+08 | K98: =K97*(1+$C$31)-K97*$D$31 -> 1.2669547e+08 | L98: =L97*(1+C$31)-L97*D$31 -> 1.2669547e+08 | M98: =(H98+I98+J98)*(D$27*(1-5.5%)) -> 36096866 | N98: =(K98+L98)*D$26*(1-9.9%) -> 11415262 | O98: =O97*(1+B$12) -> 20365348 | P98: =M98+N98+O98 -> 67877475 | Q98: 44000000 | R98: =P98/POWER(1+$B$12,8)+Q98 -> 99710205 | S98: =R98/$R$90*100 -> 101.70069 | T98: =T97+R98 -> 8.9737031e+08 | U98: =U97*(1+F$42) -> 2.0032805e+09 | V98: =V97 -> 700000000 | W98: 8000000 | X98: 0 | Y98: =X98+W98+V98+L98+J98+I98+H98+C98+K98+U98 -> 5.3663237e+09
A99: 10 | B99: 68 | C99: =D99+E99+F99+G99 -> 1.8046854e+09 | D99: =((C98-$Q99)*47%)*(1+B$42) -> 8.6833863e+08 | E99: =((C98-$Q99))*36%*(1+B$43) -> 6.421756e+08 | F99: =((C98-$Q99))*6%*(1+D$42) -> 1.0320679e+08 | G99: =((C98-$Q99))*11%*(1+D$43) -> 1.9096442e+08 | H99: =H98*(1+C$27)-H98*D$27 -> 1.2361778e+08 | I99: =I98*(1+C$27)-I98*D$27 -> 4.8073801e+08 | J99: =J98*(1+C$27)-J98*D$27 -> 1.7105837e+08 | K99: =K98*(1+$C$31)-K98*$D$31 -> 1.2922938e+08 | L99: =L98*(1+C$31)-L98*D$31 -> 1.2922938e+08 | M99: =(H99+I99+J99)*(D$27*(1-5.5%)) -> 36638319 | N99: =(K99+L99)*D$26*(1-9.9%) -> 11643567 | O99: =O98*(1+B$12) -> 20874482 | P99: =M99+N99+O99 -> 69156367 | Q99: 45000000 | R99: =P99/POWER(1+$B$12,9)+Q99 -> 1.0037546e+08 | S99: =R99/$R$90*100 -> 102.37923 | T99: =T98+R99 -> 9.9774578e+08 | U99: =U98*(1+F$42) -> 2.3037726e+09 | V99: =V98 -> 700000000 | W99: 8000000 | X99: 0 | Y99: =X99+W99+V99+L99+J99+I99+H99+C99+K99+U99 -> 5.850331e+09
A100: 11 | B100: 69 | C100: =D100+E100+F100+G100 -> 1.9938996e+09 | D100: =((C99-$Q100)*47%)*(1+B$42) -> 9.593805e+08 | E100: =((C99-$Q100))*36%*(1+B$43) -> 7.0950517e+08 | F100: =((C99-$Q100))*6%*(1+D$42) -> 1.1402762e+08 | G100: =((C99-$Q100))*11%*(1+D$43) -> 2.1098628e+08 | H100: =H99*(1+C$27)-H99*D$27 -> 1.2547204e+08 | I100: =I99*(1+C$27)-I99*D$27 -> 4.8794908e+08 | J100: =J99*(1+C$27)-J99*D$27 -> 1.7362425e+08 | K100: =K99*(1+$C$31)-K99*$D$31 -> 1.3181397e+08 | L100: =L99*(1+C$31)-L99*D$31 -> 1.3181397e+08 | M100: =(H100+I100+J100)*(D$27*(1-5.5%)) -> 37187894 | N100: =(K100+L100)*D$26*(1-9.9%) -> 11876438 | O100: =O99*(1+B$12) -> 21396344 | P100: =M100+N100+O100 -> 70460676 | Q100: 45000000 | R100: =P100/POWER(1+$B$12,10)+Q100 -> 1.0004377e+08 | S100: =R100/$R$90*100 -> 102.04091 | T100: =T99+R100 -> 1.0977895e+09 | U100: =U99*(1+F$42) -> 2.6493385e+09 | V100: =V99 -> 700000000 | W100: 8000000 | X100: 0 | Y100: =X100+W100+V100+L100+J100+I100+H100+C100+K100+U100 -> 6.4019114e+09
A101: 12 | B101: 70 | C101: =D101+E101+F101+G101 -> 1.6417481e+09 | D101: =((C100-$Q101-500000000)*47%)*(1+B$42) -> 7.8994005e+08 | E101: =((C100-$Q101-500000000))*36%*(1+B$43) -> 5.8419631e+08 | F101: =((C100-$Q101-500000000))*6%*(1+D$42) -> 93888693 | G101: =((C100-$Q101-500000000))*11%*(1+D$43) -> 1.7372306e+08 | H101: =H100*(1+C$27)-H100*D$27 -> 1.2735412e+08 | I101: =I100*(1+C$27)-I100*D$27 -> 4.9526831e+08 | J101: =J100*(1+C$27)-J100*D$27 -> 1.7622861e+08 | K101: =K100*(1+$C$31)-K100*$D$31 -> 1.3445025e+08 | L101: =L100*(1+C$31)-L100*D$31 -> 1.3445025e+08 | M101: =(H101+I101+J101)*(D$27*(1-5.5%)) -> 37745712 | N101: =(K101+L101)*D$26*(1-9.9%) -> 12113967 | O101: =O100*(1+B$12) -> 21931252 | P101: =M101+N101+O101 -> 71790931 | Q101: 45000000 | R101: =P101/POWER(1+$B$12,11)+Q101 -> 99715084 | S101: =R101/$R$90*100 -> 101.70566 | T101: =T100+R101 -> 1.1975046e+09 | U101: =U100*(1+F$42)+410000000 -> 3.4567393e+09 | V101: =V100 -> 700000000 | W101: 8000000 | X101: 0 | Y101: =X101+W101+V101+L101+J101+I101+H101+C101+K101+U101 -> 6.8742389e+09 | Z101: 5억씩 | AA101: 증여세 0.9억
A102: 13 | B102: 71 | C102: =D102+E102+F102+G102 -> 1.8081422e+09 | D102: =((C101-$Q102)*47%)*(1+B$42) -> 8.7000187e+08 | E102: =((C101-$Q102))*36%*(1+B$43) -> 6.4340564e+08 | F102: =((C101-$Q102))*6%*(1+D$42) -> 1.0340448e+08 | G102: =((C101-$Q102))*11%*(1+D$43) -> 1.913302e+08 | H102: =H101*(1+C$27)-H101*D$27 -> 1.2926444e+08 | I102: =I101*(1+C$27)-I101*D$27 -> 5.0269734e+08 | J102: =J101*(1+C$27)-J101*D$27 -> 1.7887204e+08 | K102: =K101*(1+$C$31)-K101*$D$31 -> 1.3713925e+08 | L102: =L101*(1+C$31)-L101*D$31 -> 1.3713925e+08 | M102: =(H102+I102+J102)*(D$27*(1-5.5%)) -> 38311898 | N102: =(K102+L102)*D$26*(1-9.9%) -> 12356247 | O102: =O101*(1+B$12) -> 22479533 | P102: =M102+N102+O102 -> 73147678 | Q102: 46000000 | R102: =P102/POWER(1+$B$12,12)+Q102 -> 1.0038939e+08 | S102: =R102/$R$90*100 -> 102.39343 | T102: =T101+R102 -> 1.297894e+09 | U102: =U101*(1+F$42) -> 3.9752502e+09 | V102: =V101 -> 700000000 | W102: 8000000 | X102: 0 | Y102: =X102+W102+V102+L102+J102+I102+H102+C102+K102+U102 -> 7.5765047e+09
A103: 14 | B103: 72 | C103: =D103+E103+F103+G103 -> 1.9966833e+09 | D103: =((C102-$Q103)*47%)*(1+B$42) -> 9.6071992e+08 | E103: =((C102-$Q103))*36%*(1+B$43) -> 7.1049573e+08 | F103: =((C102-$Q103))*6%*(1+D$42) -> 1.1418681e+08 | G103: =((C102-$Q103))*11%*(1+D$43) -> 2.1128085e+08 | H103: =H102*(1+C$27)-H102*D$27 -> 1.312034e+08 | I103: =I102*(1+C$27)-I102*D$27 -> 5.102378e+08 | J103: =J102*(1+C$27)-J102*D$27 -> 1.8155512e+08 | K103: =K102*(1+$C$31)-K102*$D$31 -> 1.3988204e+08 | L103: =L102*(1+C$31)-L102*D$31 -> 1.3988204e+08 | M103: =(H103+I103+J103)*(D$27*(1-5.5%)) -> 38886576 | N103: =(K103+L103)*D$26*(1-9.9%) -> 12603372 | O103: =O102*(1+B$12) -> 23041522 | P103: =M103+N103+O103 -> 74531469 | Q103: 46000000 | R103: =P103/POWER(1+$B$12,13)+Q103 -> 1.0006665e+08 | S103: =R103/$R$90*100 -> 102.06424 | T103: =T102+R103 -> 1.3979607e+09 | U103: =U102*(1+F$42) -> 4.5715377e+09 | V103: =V102 -> 700000000 | W103: 8000000 | X103: 0 | Y103: =X103+W103+V103+L103+J103+I103+H103+C103+K103+U103 -> 8.3789814e+09
A104: 15 | B104: 73 | C104: =D104+E104+F104+G104 -> 2.2103193e+09 | D104: =((C103-$Q104)*47%)*(1+B$42) -> 1.0635125e+09 | E104: =((C103-$Q104))*36%*(1+B$43) -> 7.8651551e+08 | F104: =((C103-$Q104))*6%*(1+D$42) -> 1.2640428e+08 | G104: =((C103-$Q104))*11%*(1+D$43) -> 2.3388693e+08 | H104: =H103*(1+C$27)-H103*D$27 -> 1.3317145e+08 | I104: =I103*(1+C$27)-I103*D$27 -> 5.1789136e+08 | J104: =J103*(1+C$27)-J103*D$27 -> 1.8427845e+08 | K104: =K103*(1+$C$31)-K103*$D$31 -> 1.4267968e+08 | L104: =L103*(1+C$31)-L103*D$31 -> 1.4267968e+08 | M104: =(H104+I104+J104)*(D$27*(1-5.5%)) -> 39469875 | N104: =(K104+L104)*D$26*(1-9.9%) -> 12855439 | O104: =O103*(1+B$12) -> 23617560 | P104: =M104+N104+O104 -> 75942873 | Q104: 46000000 | R104: =P104/POWER(1+$B$12,14)+Q104 -> 99746837 | S104: =R104/$R$90*100 -> 101.73805 | T104: =T103+R104 -> 1.4977075e+09 | U104: =U103*(1+F$42) -> 5.2572684e+09 | V104: =V103 -> 700000000 | W104: 8000000 | X104: 0 | Y104: =X104+W104+V104+L104+J104+I104+H104+C104+K104+U104 -> 9.2962882e+09
A105: 16 | B105: 74 | C105: =D105+E105+F105+G105 -> 2.451257e+09 | D105: =((C104-$Q105)*47%)*(1+B$42) -> 1.1794417e+09 | E105: =((C104-$Q105))*36%*(1+B$43) -> 8.7225032e+08 | F105: =((C104-$Q105))*6%*(1+D$42) -> 1.4018309e+08 | G105: =((C104-$Q105))*11%*(1+D$43) -> 2.5938198e+08 | H105: =H104*(1+C$27)-H104*D$27 -> 1.3516903e+08 | I105: =I104*(1+C$27)-I104*D$27 -> 5.2565973e+08 | J105: =J104*(1+C$27)-J104*D$27 -> 1.8704262e+08 | K105: =K104*(1+$C$31)-K104*$D$31 -> 1.4553327e+08 | L105: =L104*(1+C$31)-L104*D$31 -> 1.4553327e+08 | M105: =(H105+I105+J105)*(D$27*(1-5.5%)) -> 40061923 | N105: =(K105+L105)*D$26*(1-9.9%) -> 13112548 | O105: =O104*(1+B$12) -> 24207999 | P105: =M105+N105+O105 -> 77382469 | Q105: 47000000 | R105: =P105/POWER(1+$B$12,15)+Q105 -> 1.0042993e+08 | S105: =R105/$R$90*100 -> 102.43478 | T105: =T104+R105 -> 1.5981374e+09 | U105: =U104*(1+F$42) -> 6.0458586e+09 | V105: =V104 -> 700000000 | W105: 8000000 | X105: 0 | Y105: =X105+W105+V105+L105+J105+I105+H105+C105+K105+U105 -> 1.0344054e+10
A106: 17 | B106: 75 | C106: =D106+E106+F106+G106 -> 2.7242637e+09 | D106: =((C105-$Q106)*47%)*(1+B$42) -> 1.3108009e+09 | E106: =((C105-$Q106))*36%*(1+B$43) -> 9.6939644e+08 | F106: =((C105-$Q106))*6%*(1+D$42) -> 1.5579586e+08 | G106: =((C105-$Q106))*11%*(1+D$43) -> 2.8827042e+08 | H106: =H105*(1+C$27)-H105*D$27 -> 1.3719656e+08 | I106: =I105*(1+C$27)-I105*D$27 -> 5.3354463e+08 | J106: =J105*(1+C$27)-J105*D$27 -> 1.8984826e+08 | K106: =K105*(1+$C$31)-K105*$D$31 -> 1.4844394e+08 | L106: =L105*(1+C$31)-L105*D$31 -> 1.4844394e+08 | M106: =(H106+I106+J106)*(D$27*(1-5.5%)) -> 40662852 | N106: =(K106+L106)*D$26*(1-9.9%) -> 13374799 | O106: =O105*(1+B$12) -> 24813199 | P106: =M106+N106+O106 -> 78850849 | Q106: 47000000 | R106: =P106/POWER(1+$B$12,16)+Q106 -> 1.001159e+08 | S106: =R106/$R$90*100 -> 102.11448 | T106: =T105+R106 -> 1.6982533e+09 | U106: =U105*(1+F$42) -> 6.9527374e+09 | V106: =V105 -> 700000000 | W106: 8000000 | X106: 0 | Y106: =X106+W106+V106+L106+J106+I106+H106+C106+K106+U106 -> 1.1542478e+10
A107: 18 | B107: 76 | C107: =D107+E107+F107+G107 -> 3.0336075e+09 | D107: =((C106-$Q107)*47%)*(1+B$42) -> 1.4596441e+09 | E107: =((C106-$Q107))*36%*(1+B$43) -> 1.0794727e+09 | F107: =((C106-$Q107))*6%*(1+D$42) -> 1.7348669e+08 | G107: =((C106-$Q107))*11%*(1+D$43) -> 3.2100391e+08 | H107: =H106*(1+C$27)-H106*D$27 -> 1.3925451e+08 | I107: =I106*(1+C$27)-I106*D$27 -> 5.415478e+08 | J107: =J106*(1+C$27)-J106*D$27 -> 1.9269599e+08 | K107: =K106*(1+$C$31)-K106*$D$31 -> 1.5141282e+08 | L107: =L106*(1+C$31)-L106*D$31 -> 1.5141282e+08 | M107: =(H107+I107+J107)*(D$27*(1-5.5%)) -> 41272794 | N107: =(K107+L107)*D$26*(1-9.9%) -> 13642295 | O107: =O106*(1+B$12) -> 25433529 | P107: =M107+N107+O107 -> 80348618 | Q107: 47000000 | R107: =P107/POWER(1+$B$12,17)+Q107 -> 99804715 | S107: =R107/$R$90*100 -> 101.79708 | T107: =T106+R107 -> 1.798058e+09 | U107: =U106*(1+F$42) -> 7.995648e+09 | V107: =V106 -> 700000000 | W107: 8000000 | X107: 0 | Y107: =X107+W107+V107+L107+J107+I107+H107+C107+K107+U107 -> 1.2913579e+10
A108: 19 | B108: 77 | C108: =D108+E108+F108+G108 -> 3.3829918e+09 | D108: =((C107-$Q108)*47%)*(1+B$42) -> 1.6277532e+09 | E108: =((C107-$Q108))*36%*(1+B$43) -> 1.2037969e+09 | F108: =((C107-$Q108))*6%*(1+D$42) -> 1.9346736e+08 | G108: =((C107-$Q108))*11%*(1+D$43) -> 3.5797433e+08 | H108: =H107*(1+C$27)-H107*D$27 -> 1.4134333e+08 | I108: =I107*(1+C$27)-I107*D$27 -> 5.4967102e+08 | J108: =J107*(1+C$27)-J107*D$27 -> 1.9558643e+08 | K108: =K107*(1+$C$31)-K107*$D$31 -> 1.5444107e+08 | L108: =L107*(1+C$31)-L107*D$31 -> 1.5444107e+08 | M108: =(H108+I108+J108)*(D$27*(1-5.5%)) -> 41891886 | N108: =(K108+L108)*D$26*(1-9.9%) -> 13915141 | O108: =O107*(1+B$12) -> 26069367 | P108: =M108+N108+O108 -> 81876394 | Q108: 48000000 | R108: =P108/POWER(1+$B$12,18)+Q108 -> 1.0049635e+08 | S108: =R108/$R$90*100 -> 102.50253 | T108: =T107+R108 -> 1.8985544e+09 | U108: =U107*(1+F$42) -> 9.1949952e+09 | V108: =V107 -> 700000000 | W108: 8000000 | X108: 0 | Y108: =X108+W108+V108+L108+J108+I108+H108+C108+K108+U108 -> 1.448147e+10
A109: 20 | B109: 78 | C109: =D109+E109+F109+G109 -> 3.7788792e+09 | D109: =((C108-$Q109)*47%)*(1+B$42) -> 1.8182375e+09 | E109: =((C108-$Q109))*36%*(1+B$43) -> 1.3446687e+09 | F109: =((C108-$Q109))*6%*(1+D$42) -> 2.1610747e+08 | G109: =((C108-$Q109))*11%*(1+D$43) -> 3.9986552e+08 | H109: =H108*(1+C$27)-H108*D$27 -> 1.4346348e+08 | I109: =I108*(1+C$27)-I108*D$27 -> 5.5791608e+08 | J109: =J108*(1+C$27)-J108*D$27 -> 1.9852022e+08 | K109: =K108*(1+$C$31)-K108*$D$31 -> 1.5752989e+08 | L109: =L108*(1+C$31)-L108*D$31 -> 1.5752989e+08 | M109: =(H109+I109+J109)*(D$27*(1-5.5%)) -> 42520265 | N109: =(K109+L109)*D$26*(1-9.9%) -> 14193443 | O109: =O108*(1+B$12) -> 26721101 | P109: =M109+N109+O109 -> 83434809 | Q109: 48000000 | R109: =P109/POWER(1+$B$12,19)+Q109 -> 1.0019079e+08 | S109: =R109/$R$90*100 -> 102.19086 | T109: =T108+R109 -> 1.9987452e+09 | U109: =U108*(1+F$42) -> 1.0574244e+10 | V109: =V108 -> 700000000 | W109: 8000000 | X109: 0 | Y109: =X109+W109+V109+L109+J109+I109+H109+C109+K109+U109 -> 1.6276083e+10
...

Sheet 세금 및 건보료
A1: 세금 및 건강보험료 상세 분석
A3: ■ 시나리오별 연간 평균 수령액 (1년차 기준)
A4: 시나리오 | B4: 사적연금 | C4: ISA배당 | D4: 국민연금 | E4: 총 수령액
A5: 시나리오1 (59세 조기) | B5: 12000000 | C5: 8000000 | D5: ='연금 시뮬레이션'!D39 -> 13680000 | E5: =B5+C5+D5 -> 33680000
A6: 시나리오2-1 (59~62세) | B6: 12000000 | C6: 8000000 | D6: 0 | E6: =B6+C6+D6 -> 20000000
A7: 시나리오2-2 (63세~) | B7: 12000000 | C7: 8000000 | D7: ='연금 시뮬레이션'!D40 -> 18000000 | E7: =B7+C7+D7 -> 38000000
A10: ■ 세금 상세
A11: 시나리오 | B11: 사적연금소득 | C11: 국민연금소득 | D11: 연금소득합계 | E11: ISA배당 | F11: 연금소득세 | G11: ISA배당세 | H11: 총세금 | I11: 실효세율
A12: =A5 -> 시나리오1 (59세 조기) | B12: =B5 -> 12000000 | C12: =D5 -> 13680000 | D12: =B12+C12 -> 25680000 | E12: =C5 -> 8000000 | F12: =IF(D12<=12000000,D12*0.055,IF(D12<=14000000,D12*0.06,IF(D12<=50000000,D12*0.15,D12*0.24))) -> 3852000 | G12: =E12*0.099 -> 792000 | H12: =F12+G12 -> 4644000 | I12: =H12/E5 -> 0.13788599
A13: =A6 -> 시나리오2-1 (59~62세) | B13: =B6 -> 12000000 | C13: =D6 -> 0 | D13: =B13+C13 -> 12000000 | E13: =C6 -> 8000000 | F13: =IF(D13<=12000000,D13*0.055,IF(D13<=14000000,D13*0.06,IF(D13<=50000000,D13*0.15,D13*0.24))) -> 660000 | G13: =E13*0.099 -> 792000 | H13: =F13+G13 -> 1452000 | I13: =H13/E6 -> 0.0726
A14: =A7 -> 시나리오2-2 (63세~) | B14: =B7 -> 12000000 | C14: =D7 -> 18000000 | D14: =B14+C14 -> 30000000 | E14: =C7 -> 8000000 | F14: =IF(D14<=12000000,D14*0.055,IF(D14<=14000000,D14*0.06,IF(D14<=50000000,D14*0.15,D14*0.24))) -> 4500000 | G14: =E14*0.099 -> 792000 | H14: =F14+G14 -> 5292000 | I14: =H14/E7 -> 0.13926316
A17: ■ 건강보험료 (아파트 보유 조건)
A18: 재산 항목 | B18: 금액
A19: 아파트 공시가 | B19: ='연금 시뮬레이션'!B17 -> 460000000
A20: 주담대 | B20: ='연금 시뮬레이션'!B18 -> 200000000
A21: 순재산 (건보료 산정) | B21: =B19-B20 -> 260000000
A24: 시나리오 | B24: 연금소득 | C24: 소득보험료 | D24: 재산보험료 | E24: 자동차 | F24: 월건보료 | G24: 연건보료
A25: =A12 -> 시나리오1 (59세 조기) | B25: =D12 -> 25680000 | C25: =MAX(0,(D12-3360000)*0.0699/12) -> 130014 | D25: =IF($B$21<=50000000,0,IF($B$21<=90000000,($B$21-50000000)*0.0015/12,IF($B$21<=180000000,($B$21-90000000)*0.0035/12+50000/12,IF($B$21<=300000000,($B$21-180000000)*0.007/12+315000/12,IF($B$21<=600000000,($B$21-300000000)*0.011/12+1015000/12,($B$21-600000000)*0.02/12+3765000/12))))) -> 72916.667 | E25: 10990 | F25: =C25+D25+E25 -> 213920.67 | G25: =F25*12 -> 2567048
A26: =A13 -> 시나리오2-1 (59~62세) | B26: =D13 -> 12000000 | C26: =MAX(0,(D13-3360000)*0.0699/12) -> 50328 | D26: =IF($B$21<=50000000,0,IF($B$21<=90000000,($B$21-50000000)*0.0015/12,IF($B$21<=180000000,($B$21-90000000)*0.0035/12+50000/12,IF($B$21<=300000000,($B$21-180000000)*0.007/12+315000/12,IF($B$21<=600000000,($B$21-300000000)*0.011/12+1015000/12,($B$21-600000000)*0.02/12+3765000/12))))) -> 72916.667 | E26: 10990 | F26: =C26+D26+E26 -> 134234.67 | G26: =F26*12 -> 1610816
A27: =A14 -> 시나리오2-2 (63세~) | B27: =D14 -> 30000000 | C27: =MAX(0,(D14-3360000)*0.0699/12) -> 155178 | D27: =IF($B$21<=50000000,0,IF($B$21<=90000000,($B$21-50000000)*0.0015/12,IF($B$21<=180000000,($B$21-90000000)*0.0035/12+50000/12,IF($B$21<=300000000,($B$21-180000000)*0.007/12+315000/12,IF($B$21<=600000000,($B$21-300000000)*0.011/12+1015000/12,($B$21-600000000)*0.02/12+3765000/12))))) -> 72916.667 | E27: 10990 | F27: =C27+D27+E27 -> 239084.67 | G27: =F27*12 -> 2869016
A30: ■ 최종 실수령액 (연간)
A31: 시나리오 | B31: 총소득 | C31: 세금 | D31: 건보료 | E31: 대출이자 | F31: 총부담 | G31: 실수령 | H31: 월실수령 | I31: 부담률
A32: =A5 -> 시나리오1 (59세 조기) | B32: =E5 -> 33680000 | C32: =H12 -> 4644000 | D32: =G25 -> 2567048 | E32: ='연금 시뮬레이션'!B20 -> 8000000 | F32: =C32+D32+E32 -> 15211048 | G32: =B32-F32 -> 18468952 | H32: =G32/12 -> 1539079.3 | I32: =F32/B32 -> 0.45163444
A33: =A6 -> 시나리오2-1 (59~62세) | B33: =E6 -> 20000000 | C33: =H13 -> 1452000 | D33: =G26 -> 1610816 | E33: ='연금 시뮬레이션'!B20 -> 8000000 | F33: =C33+D33+E33 -> 11062816 | G33: =B33-F33 -> 8937184 | H33: =G33/12 -> 744765.33 | I33: =F33/B33 -> 0.5531408
A34: =A7 -> 시나리오2-2 (63세~) | B34: =E7 -> 38000000 | C34: =H14 -> 5292000 | D34: =G27 -> 2869016 | E34: ='연금 시뮬레이션'!B20 -> 8000000 | F34: =C34+D34+E34 -> 16161016 | G34: =B34-F34 -> 21838984 | H34: =G34/12 -> 1819915.3 | I34: =F34/B34 -> 0.42528989
A37: ■ 배우자 과세 및 건보료
A38: 항목 | B38: 금액 | C38: 세금/건보료 | D38: 비고
A39: 배우자 ISA 배당 | B39: 4000000 | C39: =B39*0.099 -> 396000 | D39: 배당세 9.9%
A40: 배우자 피부양자 여부 | B40: 탈락 가능성 높음 | C40: 별도 건보료 발생 | D40: 순재산 4억 < 5.4억이나 9억-대출2억도 체크
A42: ⚠️ 중요: 아파트 공시가 6억원인 경우
A43: - 순재산 = 6억 - 2억 = 4억원
A44: - 피부양자 기준: 재산 5.4억원 이하
A45: → 4억 < 5.4억이므로 배우자 피부양자 등록 가능 ✅
A46: → 배우자 건보료 0원 (단, ISA 배당세는 별도)
